name,protein,fat,carbohydrates,sugar,calories,sodium,class
Fresh Celery Sticks,0.0,0.0,0.0,0.0,0.0,0.0,0
Celery Salt,0.0,0.0,0.0,0.0,0.0,290.0,0
Diet Root Beer,0.0,0.0,0.0,0.0,0.0,65.0,2
Pickles (12 Chips),0.0,0.0,0.0,0.0,0.0,115.0,2
"Cheese, cheddar",24.04,33.82,1.33,0.28,0.0,644.0,0
"Broccoli, raw",2.82,0.37,6.64,1.7,0.0,33.0,1
"Cheese, feta",14.21,21.28,4.09,4.09,0.0,917.0,0
Black coffee,0.12,0.02,0.0,0.0,1.0,2.0,2
Celery Juicer,0.08,0.02,0.35,0.12,1.0,10.0,0
Celery,0.08,0.02,0.35,0.22,1.0,10.0,0
snack,0.0,0.0,1.0,0.0,10.0,40.0,0
Celery Pack,1.0,0.0,2.0,0.0,10.0,40.0,0
Broccoli - Raw,0.8,0.1,1.9,0.5,10.0,9.0,1
Celery Sticks,0.5,0.2,0.9,0.9,10.0,0.05,0
Celery Sticks,0.5,0.2,0.9,0.9,10.0,80.0,0
Celery,0.3,0.1,1.0,1.0,10.0,51.0,0
Celery Stick,0.4,0.0,1.0,1.0,10.0,50.0,0
Celery,0.0,0.0,2.0,1.0,10.0,51.0,0
Steamed Zucchini,1.25,0.0,2.1,1.0,10.0,6.0,0
Shredded Carrots,0.0,0.0,3.0,1.0,10.0,20.0,0
Grilled  Zucchini,0.75,0.2,1.93,1.55,10.5,5.0,0
Cheese,7.0,8.0,0.0,0.0,100.0,160.0,0
Cheese,7.0,8.0,0.0,0.0,100.0,180.0,0
Bacon,7.0,8.0,0.0,0.0,100.0,350.0,2
Gorgonzola,6.0,8.0,1.0,0.0,100.0,380.0,0
Cheese,6.0,8.0,1.0,0.0,100.0,180.0,0
Crumbled Blue Cheese,6.0,8.0,1.0,0.0,100.0,380.0,0
Cheese Blend,6.0,8.0,1.0,0.0,100.0,180.0,0
Chocolate,3.0,8.0,4.0,0.0,100.0,0.0,2
Chocolate,0.0,6.0,10.2,0.0,100.0,0.0,2
Bacon,13.0,3.5,2.0,0.0,100.0,710.0,2
Baked Cabbage,5.0,3.0,10.0,0.0,100.0,0.0,1
Frozen Yogurt,3.0,2.0,20.0,0.0,100.0,0.0,0
Bread,4.0,1.5,16.0,0.0,100.0,0.0,1
Coffee Yogurt,8.0,1.0,13.0,0.0,100.0,0.0,0
Bread,4.0,1.0,19.0,0.0,100.0,150.0,1
Texas Toast,3.0,1.0,20.0,0.0,100.0,0.0,1
Chicken,22.0,0.5,0.0,0.0,100.0,45.0,1
Celery & Hummus,0.0,0.0,0.0,0.0,100.0,0.0,0
Wine,0.0,0.0,0.0,0.0,100.0,0.0,2
Wine,0.0,0.0,0.0,0.0,100.0,0.0,2
Bread,3.0,0.0,20.0,0.0,100.0,225.0,1
Frozen Yogurt,4.0,0.0,21.0,0.0,100.0,0.0,0
Cinnamon,0.0,0.0,25.0,0.0,100.0,0.0,0
Wine,0.0,0.0,25.0,0.0,100.0,0.0,2
R13,0.1,0.0,3.0,0.0,100.0,2.5,2
Wine,0.0,0.0,5.0,0.0,100.0,0.0,2
California White Wine,0.0,0.0,5.0,0.0,100.0,0.0,2
Cheese,6.0,8.0,1.0,0.1,100.0,395.0,0
Pepperoni,5.7,11.3,1.1,0.2,100.0,500.0,2
Cream of Celery Soup,1.0,7.0,9.0,1.0,100.0,850.0,0
Cheddar Potato Chips,1.0,3.5,15.0,1.0,100.0,240.0,2
Edamame Beans,8.0,3.0,9.0,1.0,100.0,30.0,1
Soy Beans,8.0,3.0,9.0,1.0,100.0,30.0,1
Chicken,22.0,2.0,1.0,1.0,100.0,110.0,1
Refried Beans,6.0,1.0,18.0,1.0,100.0,540.0,1
Refried Beans,6.0,0.5,19.0,1.0,100.0,480.0,1
Beans,6.0,0.0,18.0,1.0,100.0,540.0,1
Kidney Beans,8.0,0.0,18.0,1.0,100.0,15.0,1
Lima Beans,6.0,0.0,19.0,1.0,100.0,330.0,1
Table Wine 12% Proof,0.1,0.0,4.0,1.0,100.0,6.0,2
Coffee,6.0,3.0,12.0,10.0,100.0,95.0,2
Vanilla Yogurt,4.0,3.0,13.0,10.0,100.0,40.0,0
Spaghetti Sauce,3.0,2.5,16.0,10.0,100.0,550.0,1
Light Yogurt (Yoplait),3.5,0.5,6.9,10.0,100.0,41.0,0
Yogurt,4.0,1.0,18.0,12.0,100.0,45.0,0
Yogurt,6.0,0.0,19.0,12.0,100.0,115.0,0
Coffee,4.0,2.5,16.0,14.0,100.0,105.0,2
Muscat,0.0,0.0,14.0,14.0,100.0,0.0,2
Yogurt,4.0,2.5,15.0,15.0,100.0,40.0,0
Vanilla,6.0,1.0,17.0,15.0,100.0,70.0,0
Yogurt,6.0,0.0,19.0,15.0,100.0,70.0,0
Hot Chocolate,1.0,3.5,18.0,17.0,100.0,0.0,2
Sport Beans,0.0,0.0,25.0,17.0,100.0,80.0,1
Broccoli,3.0,8.0,6.0,2.0,100.0,105.0,1
Bread,3.0,1.0,18.0,2.0,100.0,135.0,1
Bread,3.0,1.0,18.0,2.0,100.0,160.0,1
Bread,3.0,1.0,19.0,2.0,100.0,0.0,1
Bread,4.0,1.0,19.0,2.0,100.0,160.0,1
Bread,4.0,1.0,20.0,2.0,100.0,0.0,1
Broccoli Cheese Soup,2.0,4.5,12.0,3.0,100.0,820.0,1
Bread,6.0,2.0,17.0,3.0,100.0,150.0,1
Whole Grain Toast,4.0,1.5,18.0,3.0,100.0,0.0,1
Whole Wheat,4.0,1.5,19.0,3.0,100.0,170.0,1
Toast,4.0,1.0,20.0,3.0,100.0,135.0,1
Port Wine,5.0,8.0,4.0,4.0,100.0,190.0,2
Plain Yogurt,18.0,0.0,7.0,5.0,100.0,100.0,0
Mini Chocolate Chip Muffins,1.0,5.0,12.0,7.0,100.0,125.0,2
Yogurt Pretzels,1.0,4.0,16.0,7.0,100.0,160.0,0
Chocolate Pretzels,2.0,3.5,15.0,7.0,100.0,125.0,2
Yogurt,11.0,0.0,12.0,7.0,100.0,85.0,0
Yogurt,18.0,0.0,8.0,8.0,100.0,100.0,1
Chocolate,1.0,1.5,22.0,9.0,100.0,170.0,2
Yogurt,14.0,0.0,11.0,9.0,100.0,60.0,1
Yogurt,14.0,0.0,11.0,9.0,100.0,60.0,1
Yogurt,10.0,0.0,14.0,9.0,100.0,45.0,1
Glazed Carrots,0.64,5.064,13.829,9.995,100.051,148.837,2
Gewurztraminer,0.0,0.0,25.3,0.0,101.0,0.0,2
Wine,1.0,0.0,4.5,1.0,101.0,2.0,2
Celery With Jiff Peanut Butter,4.0,8.0,5.0,2.0,101.0,102.0,0
Cabbage Veggie,2.0,7.4,8.5,4.0,101.0,419.0,1
Cabbage Soup,7.8,1.8,14.9,6.8,101.0,602.2,1
Tasty Cheese,6.7,8.4,1.0,1.0,102.0,153.0,0
Cabbage & Onion Curry,1.8,7.4,8.6,0.0,105.0,100.0,1
Waffles,1.5,5.0,13.0,0.4,105.0,0.21,1
Red Wine,0.0,0.0,2.0,0.0,106.0,0.0,2
Rice- Apple,3.2,2.2,19.0,13.0,108.0,0.1,1
Zucchini Chips,6.1,3.2,14.5,2.6,108.0,333.8,0
Crunchy Broccoli Slaw,2.8921,8.247,7.5321,2.1157,108.296,85.3812,1
Spaghetti Hoops,3.5,0.4,22.2,7.8,109.0,0.3,2
Celery,0.5,0.2,0.9,0.9,11.0,80.0,0
Broccoli,1.0,0.0,2.0,1.0,11.0,11.0,1
Curds,7.0,9.0,0.0,0.0,110.0,180.0,1
Cheese,7.0,9.0,0.0,0.0,110.0,210.0,1
Dubliner Cheese,7.0,9.0,0.0,0.0,110.0,210.0,1
Cheddar Cheese,7.0,9.0,0.0,0.0,110.0,180.0,1
Cheese,6.0,9.0,1.0,0.0,110.0,180.0,1
Sharp Cheese,7.0,9.0,1.0,0.0,110.0,180.0,1
Shredded Cheese,7.0,9.0,1.0,0.0,110.0,180.0,1
Cheese,7.0,9.0,1.0,0.0,110.0,180.0,1
Cubes,7.0,9.0,1.0,0.0,110.0,190.0,1
Shredded Cheese,7.0,9.0,1.0,0.0,110.0,180.0,1
Shredded Cheese,6.0,9.0,1.0,0.0,110.0,170.0,1
Cheese,7.0,9.0,1.0,0.0,110.0,180.0,1
Cheese,7.0,9.0,1.0,0.0,110.0,170.0,1
Cheese,6.0,9.0,1.0,0.0,110.0,210.0,1
Pepperoni Sticks,6.0,9.0,1.0,0.0,110.0,400.0,2
Pepperoni,7.0,9.0,1.0,0.0,110.0,430.0,2
4 Cheese Mexican Cheese,6.0,9.0,2.0,0.0,110.0,170.0,0
Pancakes,3.0,3.0,17.0,0.0,110.0,450.0,1
Protein Bread,7.0,1.5,18.0,0.0,110.0,0.0,1
Whole Grain Bread,5.0,1.5,21.0,0.0,110.0,0.0,1
Yogurt,12.0,0.0,15.0,0.0,110.0,0.0,0
Waffles,1.0,4.3,28.5,0.2,110.0,0.0,1
Garbanzo Beans,6.0,2.0,18.0,1.0,110.0,330.0,1
Garbanzo Beans,6.0,1.5,20.0,1.0,110.0,360.0,1
Great Northern Beans,6.0,1.0,18.0,1.0,110.0,260.0,1
Black Beans,7.0,1.0,19.0,1.0,110.0,10.0,1
Mixed Beans,6.0,1.0,19.0,1.0,110.0,260.0,1
Black Beans,7.0,1.0,19.0,1.0,110.0,370.0,1
Pinto Beans,7.0,1.0,19.0,1.0,110.0,250.0,2
Beans,7.0,0.5,20.0,1.0,110.0,10.0,1
Black Beans,7.0,0.5,22.0,1.0,110.0,380.0,1
Black Beans Refried,7.0,0.0,19.0,1.0,110.0,560.0,1
Yogurt,14.0,0.0,13.0,11.0,110.0,50.0,0
Raspberry Yogurt,14.0,0.0,13.0,11.0,110.0,55.0,0
Apple Jacks,1.0,1.0,25.0,12.0,110.0,130.0,1
Yogurt,7.0,0.0,20.0,14.0,110.0,105.0,0
Frozen Yogurt,3.0,2.5,19.0,15.0,110.0,50.0,0
Yogurt,4.0,2.0,20.0,17.0,110.0,60.0,0
Yogurt - Strawberry,4.0,2.0,20.0,17.0,110.0,65.0,0
Celery Sticks With 1 Tbs Cream Cheese,1.09,5.06,4.0,2.0,110.0,80.0,0
Bread,3.0,1.5,22.0,2.0,110.0,240.0,1
Lima Beans,6.0,0.0,20.0,2.0,110.0,10.0,1
Baby Lima Beans,6.0,0.0,20.0,2.0,110.0,10.0,1
Apple Juice,1.0,0.0,28.0,28.0,110.0,35.0,0
Oat Bread,4.0,2.0,19.0,3.0,110.0,0.0,1
Bread,4.0,2.0,19.0,3.0,110.0,130.0,1
Bread,4.0,2.0,19.0,3.0,110.0,130.0,1
Toast,4.0,1.5,20.0,3.0,110.0,150.0,1
French Toast,5.0,3.0,15.0,4.0,110.0,240.0,1
Pancakes,11.0,1.5,14.0,4.0,110.0,240.0,1
Pancakes - Chocolate Chip,11.0,1.5,14.0,4.0,110.0,240.0,1
Arnold Multigrain Bread,5.0,1.5,20.0,4.0,110.0,150.0,1
Toast,4.0,1.0,20.0,4.0,110.0,150.0,1
Toast,5.0,1.0,20.0,4.0,110.0,150.0,1
Whole Wheat Toast,5.0,1.0,20.0,4.0,110.0,150.0,1
Bread,5.0,1.0,22.0,5.0,110.0,150.0,1
Toast,5.0,1.0,22.0,5.0,110.0,150.0,1
Pound Cake,2.0,6.0,13.0,8.0,110.0,85.0,2
Toast and Butter,2.6,4.8,14.0,1.7,111.0,173.0,1
Pinot Noir,0.0,0.0,0.7,0.0,112.0,0.0,2
Chili with beans - Canned,5.71,5.49,11.91,1.32,112.0,522.0,1
Spaghetti,2.6,0.2,24.8,6.7,112.0,0.4,1
"Beans, Kidney",7.673,0.4425,20.178,0.2832,112.395,0.885,1
Pancakes,2.5,4.21,15.11,2.7,112.4,150.0,1
Bread,4.7,0.9,20.8,1.0,113.0,0.19,1
Homemade Pancakes-4 Inch,3.0,5.0,14.0,0.0,114.0,181.0,1
Wine - Chardonnay,0.0,0.0,4.0,0.0,114.0,5.0,2
Beer,0.9,0.0,6.9,0.0,114.0,14.0,2
Small,6.0,8.0,1.0,3.0,114.0,181.0,1
Cabbage Steamed With Margarine,3.27,7.27,12.67,8.13,114.0,126.0,2
Yogurt Greco,6.4,9.1,2.0,0.0,115.0,0.0,1
Beer,0.0,0.0,18.0,0.0,115.0,0.0,2
Bourdeaux,0.0,0.0,4.0,0.0,115.0,0.0,2
Beans,6.0,1.0,17.0,1.0,115.0,300.0,1
Pinto Beans,6.0,1.0,21.0,1.0,115.0,300.0,1
Fh,2.9,8.6,5.0,4.1,115.0,304.0,1
Chardonay,0.0,0.0,3.0,1.4,116.0,7.0,2
Apple,0.0,0.0,30.8,23.2,116.0,2.0,0
Stuffed Cabbage Roll With Beef and Rice,8.81,5.31,8.97,3.79,117.0,369.0,1
Wine,0.0,0.0,11.8,5.2,117.0,0.0,2
Beer,0.0,0.0,0.0,0.0,118.0,0.0,2
White Wine,0.25,0.0,4.9,1.0,118.0,7.0,2
Seeded Brown Bread,4.6,3.2,16.4,1.4,118.0,0.14,1
Toasting Waffles,1.5,6.4,13.1,7.3,118.0,0.1,2
Wine,0.0,0.0,0.0,0.0,119.0,0.0,2
Red Wine (Large 6 oz Glass)-sm,0.2,0.0,4.4,0.4,119.0,0.0175,2
Cabbage Subzi,1.1,0.2,2.2,0.0,12.0,11.0,1
"Cabbage, napa, cooked",1.1,0.17,2.23,0.0,12.0,11.0,1
Melba Toast,0.4,0.0,2.5,0.0,12.0,0.0,1
Celery Sticks,0.6,0.2,0.5,0.07,12.0,64.0,0
Vegetable Stuffed Zucchini,8.2,6.3,9.0,0.0,120.0,502.0,0
Cane's Toast,5.0,4.5,17.0,0.0,120.0,250.0,1
Texas Toast,5.0,4.5,17.0,0.0,120.0,250.0,1
Texas Toast,5.0,4.5,17.0,0.0,120.0,0.0,1
Chips,21.0,2.0,5.0,0.0,120.0,150.0,2
Cheese,7.0,11.0,0.0,0.0,120.0,210.0,0
Cheddar Cheese,7.0,10.0,0.0,0.0,120.0,240.0,0
Cheese,7.0,10.0,1.0,0.0,120.0,210.0,0
Manchego Cheese,7.0,10.0,2.0,0.0,120.0,170.0,0
Chicken,26.0,1.0,0.0,0.0,120.0,75.0,1
Refried Beans,8.0,1.0,22.0,0.0,120.0,0.0,1
French Bread,4.0,0.5,24.0,0.0,120.0,250.0,1
wine,0.0,0.0,0.0,0.0,120.0,0.0,2
wine,0.0,0.0,0.0,0.0,120.0,0.0,2
Red Wine - Small Glass 175 Ml,0.1,0.0,2.5,0.0,120.0,7.0,2
Riesling Wine (30g Carbs),0.0,0.0,30.0,0.0,120.0,0.0,2
Wine,0.0,0.0,6.0,0.0,120.0,0.0,2
Bacon,8.0,9.8,0.5,0.5,120.0,1.5,2
Chianti,0.07,0.0,15.0,0.81,120.0,5.0,2
Cheesy Broccoli,5.0,8.0,8.0,1.0,120.0,490.0,1
Garlic Toast,3.0,4.0,17.0,1.0,120.0,220.0,1
Pop Chips Original,2.0,4.0,18.0,1.0,120.0,190.0,2
Ranch Tortilla Chips,2.0,4.0,20.0,1.0,120.0,180.0,2
Rosarita Traditional Refried Beans,6.0,2.5,18.0,1.0,120.0,540.0,1
Chips,2.0,2.0,22.0,1.0,120.0,0.0,2
Bread,5.0,1.5,24.0,1.0,120.0,230.0,1
Chili Beans,7.0,1.0,21.0,1.0,120.0,480.0,1
Garbanzo Beans,6.0,1.0,22.0,1.0,120.0,380.0,1
Beans,7.0,1.0,23.0,1.0,120.0,250.0,1
Black Beans (Only),7.0,1.0,23.0,1.0,120.0,250.0,1
French,5.0,1.0,24.0,1.0,120.0,280.0,1
Bread,4.0,1.0,24.0,1.0,120.0,350.0,1
Chocolate Protein,24.0,1.0,3.0,1.0,120.0,0.0,2
Chocolate Whey on,24.0,1.0,3.0,1.0,120.0,130.0,2
Pinto Beans,7.0,0.0,22.0,1.0,120.0,290.0,1
Wine,0.0,0.0,3.82,1.0,120.0,6.0,2
"Chardonnay, Terri",0.1,0.0,3.1,1.4,120.0,7.4,2
White Wine,0.1,0.0,3.8,1.4,120.0,7.0,2
Wine White,0.0,0.0,4.0,1.5,120.0,5.0,2
Red Wine 175ml,0.1,0.0,30.0,10.0,120.0,0.0,2
Yogurt,13.0,0.0,16.0,16.0,120.0,85.0,0
Blueberry Yogurt,13.0,0.0,17.0,16.0,120.0,45.0,0
Strawberry Yogurt,13.0,0.0,17.0,16.0,120.0,45.0,0
Raspberry Yogurt,13.0,0.0,18.0,16.0,120.0,45.0,0
Chocolate,1.0,4.0,19.0,17.0,120.0,0.0,2
Raisins,1.0,4.5,20.0,18.0,120.0,20.0,0
Yogurt Raisins,1.0,4.5,20.0,18.0,120.0,15.0,0
Hot Chocolate,1.0,3.0,23.0,19.0,120.0,120.0,2
Popped Chips,2.0,4.0,18.0,2.0,120.0,230.0,2
Bread,4.0,1.0,23.0,2.0,120.0,230.0,1
Bread,3.0,1.0,24.0,2.0,120.0,220.0,1
Bbq Chips,2.0,4.0,18.0,3.0,120.0,190.0,2
Toast,5.0,2.0,20.0,3.0,120.0,150.0,1
Bread,4.0,1.5,22.0,3.0,120.0,220.0,1
Bread,5.0,1.5,24.0,3.0,120.0,220.0,1
Apple Cider,0.0,0.0,30.0,30.0,120.0,60.0,2
Bread,4.0,0.5,26.0,7.0,120.0,350.0,1
Moscato,0.0,0.0,4.0,7.0,120.0,7.0,2
Spaghetti,3.4,0.4,25.3,7.3,120.0,0.3,2
French Toast,6.0,1.5,22.0,8.0,120.0,210.0,2
Cake Rusk,2.0,6.0,16.0,9.0,120.0,15.0,2
Gewurtztraminer,0.1,0.0,3.82,0.0,121.0,0.0,2
Melbec ,0.0,0.0,4.0,0.0,122.0,0.0,2
Wine,0.0,0.0,6.0,0.0,122.0,0.0,2
Wine,0.1,0.0,3.69,0.91,122.0,6.0,2
Seed Sensation Toast,4.4,2.9,18.5,1.7,122.0,0.0,1
Falafel Chips,3.0,6.0,17.0,0.0,123.0,79.0,2
Wine (13g Fat),0.0,13.0,0.0,0.0,123.0,7.09,2
Red Wine,0.5,0.0,4.42,0.0,123.0,0.0,2
Merlot Wine - Gg,0.1,0.0,3.69,0.91,123.0,6.0,2
Malbec,0.0,0.0,4.0,1.2,123.0,7.0,2
Wine,0.1,0.0,3.03,3.03,123.0,0.0,2
Fluffy French Toast,4.8,2.7,19.4,3.4,123.0,263.0,1
Boiled,1.53,7.65,6.69,4.38,123.0,270.0,1
Spaghetti,2.9,0.7,25.3,9.2,123.0,708.0,2
Shiraz,0.5,0.0,4.2,0.0,124.0,0.0,2
"Spaghetti - Whole-wheat, cooked",5.33,0.54,26.54,0.8,124.0,3.0,1
Cinnamon Coffee Cake,1.5,0.9,27.9,14.45,124.0,172.0,1
Bread,7.0,4.4,12.0,2.4,124.0,0.13,1
Glass - Dry Red Wine,0.18,0.0,3.2,0.0,125.0,10.0,2
Dry Red Wine,0.0,0.0,3.8,1.0,125.0,6.0,2
Red Wine,0.1,0.0,30.0,1.0,125.0,5.9,2
Red Wine,0.0,0.0,31.0,1.0,125.0,6.0,2
Wine,0.0,0.0,4.0,1.0,125.0,10.0,2
Lambrusco,0.0,0.0,4.0,1.0,125.0,6.0,2
Reisling Wine,0.0,0.0,4.0,1.0,125.0,10.0,2
Rose Wine,0.0,0.0,4.6,4.6,125.0,0.0,2
Hard Boiled Eggs,11.0526,8.3687,0.6336,0.3256,125.838,124.958,1
Zucchini Bread,2.2,6.1,16.2,5.77,126.0,85.0,0
Rolo,1.2,5.4,18.1,0.0,127.0,0.0,2
Gallo Moscato,1.0,0.0,11.4,0.0,127.0,0.0,0
Moscato White Wine,0.0,0.0,11.4,0.0,127.0,0.0,2
Beer,0.0,0.0,12.3,0.0,127.0,9.0,2
Pancakes,3.1,6.4,14.0,5.1,127.0,0.4,1
Beer,0.0,0.0,11.9,0.0,129.0,0.0,2
"Cabbage, chinese (pak-choi), raw",1.5,0.2,2.18,1.18,13.0,65.0,1
Cooked Cabbage,0.61,0.26,2.68,1.75,13.0,5.0,1
German Pancakes/ Bubble Pancakes,7.7,5.5,12.9,0.0,130.0,146.1,1
Reduced Fat Cheese its,4.0,4.5,20.0,0.0,130.0,250.0,0
Pepperoni Slices,6.0,12.0,0.0,0.0,130.0,470.0,2
Bacon,7.0,11.0,0.0,0.0,130.0,520.0,2
"Spaghetti, spinach, cooked",4.58,0.63,26.15,0.0,130.0,14.0,1
Ciabatta Bread,4.0,0.5,27.0,0.0,130.0,300.0,1
White Wine & Soda,0.0,0.0,0.0,0.0,130.0,0.0,2
Bacon Jerky,12.0,9.0,1.0,1.0,130.0,670.0,2
Balls,2.0,7.0,16.0,1.0,130.0,260.0,0
Nice Veggie Chips,1.0,7.0,16.0,1.0,130.0,280.0,2
Garlic Toast,3.0,6.0,17.0,1.0,130.0,240.0,1
Bagel,3.0,5.0,17.0,1.0,130.0,0.0,2
Chips,3.0,5.0,19.0,1.0,130.0,270.0,2
Chips,2.0,5.0,19.0,1.0,130.0,105.0,2
Pepperoni,6.0,11.0,1.0,1.0,130.0,480.0,2
"Wine, White 175ml",0.0,0.0,0.0,1.4,130.0,0.0,2
Cereal,1.0,3.0,25.0,10.0,130.0,220.0,1
Yogurt,4.0,5.0,18.0,14.0,130.0,45.0,0
Cherry Yogurt,12.0,0.0,20.0,17.0,130.0,65.0,0
Chocolate Frosting,0.0,5.0,21.0,18.0,130.0,95.0,2
Yogurt,12.0,0.0,20.0,19.0,130.0,50.0,0
Yogurt,12.0,0.0,20.0,19.0,130.0,50.0,0
Blueberry Greek Yogurt,12.0,0.0,21.0,19.0,130.0,50.0,0
Apple Straws,1.0,7.0,16.0,2.0,130.0,120.0,0
Waffles,5.0,1.5,26.0,2.0,130.0,250.0,1
Chocolate Milk,9.0,0.0,23.0,22.0,130.0,135.0,2
Apple,1.0,0.0,34.0,25.0,130.0,0.0,0
Ginger Beer,0.0,0.0,31.0,29.0,130.0,25.0,2
Bread,14.0,3.5,12.0,3.0,130.0,215.0,1
Rice Broccoli,4.0,1.5,25.0,3.0,130.0,470.0,1
Bread,4.0,1.5,26.0,3.0,130.0,260.0,1
Navy Beans,8.0,1.5,22.0,4.0,130.0,440.0,1
Protein Chips,10.0,4.0,14.0,5.0,130.0,380.0,2
Seed Bread,6.0,3.0,23.0,5.0,130.0,160.0,1
Greek Yogurt,4.0,11.0,5.0,5.0,130.0,70.0,0
Pork & Beans,5.0,1.0,25.0,8.0,130.0,440.0,2
Cinnamon Toast Crunch,1.0,3.0,25.0,9.0,130.0,180.0,2
Cinnamon Toast Crunch,1.0,3.0,25.0,9.0,130.0,180.0,2
Yogurt,4.1,4.4,18.8,0.0,131.0,0.0,0
Beer,0.0,0.0,17.0,0.0,132.0,0.0,2
Zinfandel Red Wine,0.0,0.0,4.2,0.0,132.0,0.0,2
Waffles,1.4,7.2,15.5,0.9,132.0,0.4,1
Spaghetti,3.8,0.6,26.7,10.5,132.0,665.0,1
Bacon,11.7,9.6,0.0,0.0,133.0,0.59,2
Wine,0.0,0.0,0.0,0.0,133.0,0.0,2
Beer,1.0,0.0,11.0,0.0,134.0,0.0,2
Baked Beans,5.2366,1.563,27.4311,5.595,134.223,472.623,1
Chicken Thigh,13.67,8.45,0.0,0.0,135.0,223.0,1
Chips,2.0,6.0,18.0,0.0,135.0,38.0,2
Beer,1.2,0.0,11.6,0.0,135.0,0.0,2
Beans,8.1,0.75,21.0,0.5,135.0,410.0,1
Choc Cake,1.0,6.0,19.0,13.0,135.0,290.0,1
Beer,0.0,0.0,11.4,0.0,136.0,11.0,2
Dark Beer,0.0,0.0,34.0,0.0,136.0,0.0,2
Toast & Butter,4.4,6.3,15.26,1.6,136.1,189.2,1
Chocolate,1.9,7.9,14.5,0.0,137.0,0.0,2
Plum Cake,2.3,6.9,16.1,9.9,137.0,0.198,2
Pinto Beans,8.3283,1.881,22.5094,0.3965,137.817,86.5705,1
Bottle,1.3,0.0,11.4,0.0,138.0,4.0,2
Brown Ale Bottled Beer,1.0,0.0,12.0,0.0,138.0,0.0,2
Beer,0.0,0.0,12.0,0.0,138.0,0.0,2
Zucchini Fritters,4.0,8.7,14.1,1.5,138.6,610.1,0
Chocolate,1.1,7.4,16.6,13.6,139.0,0.0,2
Zucchini Paniert,3.1,10.6,6.9,2.0,139.0,0.0,0
Celery Cooked,0.6,0.1,3.0,0.0,14.0,96.0,0
Celery Raw Usda,0.69,0.17,2.97,1.34,14.0,80.0,0
Tims Potato Chips,2.0,9.0,15.0,0.0,140.0,110.0,2
Eggs,12.0,9.0,2.0,0.0,140.0,130.0,1
Eggs-Over Easy,12.0,9.0,2.0,0.0,140.0,130.0,1
Chips,2.0,8.0,16.0,0.0,140.0,620.0,2
Chips,2.0,7.0,17.0,0.0,140.0,150.0,2
Tortilla Chips,2.0,7.0,17.0,0.0,140.0,150.0,2
Chips,2.0,7.0,19.0,0.0,140.0,0.0,2
Chips,2.0,7.0,19.0,0.0,140.0,0.0,2
Chips,2.0,6.0,19.0,0.0,140.0,115.0,2
Chips,2.0,6.0,19.0,0.0,140.0,0.0,2
Chips,2.0,6.0,19.0,0.0,140.0,90.0,2
Tortilla Chips,2.0,6.0,19.0,0.0,140.0,115.0,2
Unsweetened Chocolate,3.0,15.0,5.0,0.0,140.0,4.0,2
Pepperoni,6.0,14.0,1.0,0.0,140.0,550.0,2
Sliced Pepperoni (Original),5.0,13.0,0.0,0.0,140.0,490.0,2
Pepperoni Slices,5.0,13.0,0.0,0.0,140.0,490.0,2
Pepperoni Stix,5.0,13.0,0.0,0.0,140.0,490.0,2
Pepperoni Slices,7.0,13.0,0.0,0.0,140.0,610.0,2
pepperoni slices,5.0,13.0,0.0,0.0,140.0,490.0,2
Pepperoni,7.0,13.0,0.0,0.0,140.0,610.0,2
Pepperoni,6.0,13.0,0.0,0.0,140.0,460.0,2
Pepperoni Slices,6.0,13.0,1.0,0.0,140.0,490.0,2
Sliced Pepperoni,6.0,13.0,1.0,0.0,140.0,530.0,2
2 Scrambled Eggs,12.0,10.0,2.0,0.0,140.0,130.0,1
Cup Cake,6.0,0.68,0.14,0.0,140.0,310.0,1
Rye Bread,5.0,0.5,27.0,0.0,140.0,420.0,1
Beer,1.4,0.0,10.3,0.0,140.0,0.0,2
Beer,1.0,0.0,12.0,0.0,140.0,17.0,2
Pita Bread,5.0,0.0,29.0,0.0,140.0,330.0,1
Beer,0.46,0.0,3.55,0.0,140.0,0.0,2
Beer,0.0,0.0,8.0,0.0,140.0,0.0,2
Zucchini Fries,2.0,7.0,16.0,1.0,140.0,280.0,0
Chips,2.0,7.0,18.0,1.0,140.0,240.0,2
Blue Corn Tortilla Chips,2.0,7.0,18.0,1.0,140.0,80.0,2
Chips,2.0,6.0,19.0,1.0,140.0,110.0,2
Refried Black Beans,8.0,3.0,21.0,1.0,140.0,440.0,1
Organic Refried Beans,7.0,3.0,21.0,1.0,140.0,390.0,1
Refried Beans,7.0,3.0,22.0,1.0,140.0,390.0,1
Pepperoni Slices,6.0,14.0,1.0,1.0,140.0,550.0,2
Pepperoni,6.0,14.0,1.0,1.0,140.0,550.0,2
Black Beans (Only),9.0,1.0,23.0,1.0,140.0,220.0,1
Buckwheat Pancakes,5.0,1.0,28.0,1.0,140.0,290.0,1
Beer,1.3,0.0,11.22,1.3,140.0,6.9,2
Cabbage and Kale Salad Including Dressing,3.0,8.0,15.0,10.0,140.0,140.0,1
Apple Chips,0.0,7.0,20.0,12.0,140.0,15.0,1
Baked Beans,6.0,1.0,29.0,12.0,140.0,550.0,1
Bush's,6.0,1.0,29.0,12.0,140.0,550.0,1
Homestyle Baked Beans,6.0,1.0,29.0,12.0,140.0,550.0,1
Original Baked Beans,6.0,1.0,29.0,12.0,140.0,550.0,1
Oreos - Birthday Cake,1.0,6.0,21.0,13.0,140.0,95.0,1
Vegetarian Beans,6.0,0.5,27.0,14.0,140.0,480.0,1
White Cake With  Frosting,1.0,7.0,18.0,15.0,140.0,115.0,1
Blueberry Yogurt,6.0,3.5,22.0,16.0,140.0,25.0,0
Yogurt,15.0,0.0,20.0,18.0,140.0,80.0,0
Raspberry Yogurt,14.0,0.0,23.0,19.0,140.0,60.0,0
Bread,4.0,4.0,22.0,2.0,140.0,300.0,1
Beans,6.0,3.0,22.0,2.0,140.0,460.0,1
Whips,5.0,2.5,25.0,21.0,140.0,75.0,0
Angel Food Cake,3.0,0.0,32.0,23.0,140.0,140.0,1
Hot Chocolate,2.0,1.5,31.0,26.0,140.0,190.0,2
Jelly Beans,0.0,0.0,34.0,27.0,140.0,0.0,1
Jelly Beans,0.0,0.0,34.0,27.0,140.0,0.0,1
Toast,4.0,4.0,22.0,3.0,140.0,0.0,1
Homestyle Waffles,3.0,3.0,24.0,3.0,140.0,350.0,1
Waffles,5.0,2.5,27.0,3.0,140.0,390.0,1
Multigrain Waffles,5.0,2.5,27.0,3.0,140.0,390.0,1
Nutri Grain Waffles,5.0,2.5,27.0,3.0,140.0,390.0,1
Lowfat Waffles,5.0,2.5,27.0,3.0,140.0,390.0,1
Pancakes - Heart Healthy Pancakes,3.0,2.5,27.0,3.0,140.0,340.0,1
Light Waffles- Net Carbs,3.0,2.0,30.0,3.0,140.0,240.0,1
Bread,4.0,1.5,27.0,3.0,140.0,260.0,1
Gluten Free Pancakes,2.0,0.5,31.0,3.0,140.0,340.0,1
Potato Pancakes,4.0,6.0,20.0,4.0,140.0,380.0,1
Waffles,4.0,3.0,24.0,4.0,140.0,340.0,1
White Bread 2 Slices,4.0,2.0,26.0,4.0,140.0,0.0,1
Multigrain Toast,6.0,1.5,26.0,4.0,140.0,210.0,1
French Toast Waffles,3.0,6.0,19.0,5.0,140.0,240.0,1
Pancakes,3.0,1.5,27.0,6.0,140.0,470.0,1
Whole Wheat Zucchini Bread,4.0,7.0,16.0,7.0,140.0,200.0,0
Celery Sticks,6.0,11.0,11.0,8.0,140.0,135.0,2
Beer Bread,3.0,0.0,29.0,8.0,140.0,290.0,2
Spaghetti Sauce With Ground Turkey,12.0,3.0,7.0,4.0,141.0,291.0,1
Plum Cake,2.4,7.8,15.8,5.0,141.0,79.0,1
Beer,2.0,0.0,11.0,0.0,142.0,7.0,2
Beer,1.0,0.0,12.0,0.0,142.0,15.0,2
Bread,4.5,0.8,27.7,1.7,142.0,226.0,1
Chips,3.0,3.0,27.0,0.0,143.0,0.0,2
Beer,1.7,0.0,10.0,0.0,143.0,0.0,2
Egg,12.56,9.51,0.72,0.37,143.0,142.0,1
Beer,1.3,0.0,12.3,0.0,144.0,0.0,2
Beer,0.0,0.0,12.8,0.0,144.0,0.0,2
Beer,1.5,0.0,13.0,0.0,144.0,0.0,2
Reisling,0.12,0.0,6.6,0.0,144.0,0.0,2
Fried Beans,6.29,5.22,18.83,0.0,145.0,0.0,1
Beer Per Bottle,1.0,0.0,11.0,0.0,145.0,20.0,2
Crab Cake,7.0,8.0,12.0,2.0,145.0,505.0,1
Ginger Beer,0.0,0.0,37.4,37.4,145.0,5.0,2
Grilled Carrots,1.7,8.5,16.8,7.14,145.0,214.0,2
Beer,0.0,0.0,10.0,0.0,146.0,0.0,2
Beer,0.0,0.0,12.0,0.0,146.0,0.0,2
Beer,0.0,0.0,12.9,0.0,146.0,0.0,2
White Cake,2.4,4.5,24.3,19.32,146.0,155.0,1
Bread,7.0,4.0,20.0,0.0,147.0,187.0,1
Beer,1.0,0.0,11.0,0.0,147.0,0.0,2
Beer,1.0,0.0,13.0,0.0,147.0,0.0,2
Bbq Beans,8.0,2.0,25.32,0.0,148.0,640.0,1
Beer,0.0,0.0,0.0,0.0,148.0,0.0,2
Beer,0.0,0.0,12.0,0.0,149.0,0.0,2
Beer,1.0,0.0,13.0,0.0,149.0,0.0,2
Beer,1.0,0.0,13.0,0.0,149.0,0.0,2
Hibachi Vegetables Zucchini,1.0,1.0,2.0,0.0,15.0,30.0,1
Zucchini,0.0,0.0,0.0,0.0,15.0,0.0,0
Steamed Celery,1.0,0.0,1.0,0.0,15.0,0.0,0
Boiled Cabbage W/potassium,1.0,0.0,1.4,0.0,15.0,15.0,1
8in Celery Sticks,1.0,0.0,2.0,0.0,15.0,75.0,0
Celery Keto,1.0,0.0,3.0,0.0,15.0,75.0,0
Celery,1.0,0.0,3.0,0.0,15.0,100.0,0
Coffee,1.0,0.0,3.0,0.0,15.0,0.0,2
Celery Sticks,1.0,0.0,4.0,0.0,15.0,75.0,0
"Celery Sticks 8""",1.0,0.0,4.0,0.0,15.0,75.0,0
Broccoli,1.4,0.2,3.5,0.8,15.0,16.0,1
Sticks,1.0,0.0,3.0,1.0,15.0,70.0,0
Celery Sticks (Publix),1.0,0.0,3.0,1.0,15.0,70.0,0
Broccoli,1.2,0.0,3.0,1.0,15.0,15.0,1
Celery,1.0,0.3,3.0,1.5,15.0,80.0,0
Zucchini Noodles,1.1,0.4,2.7,1.7,15.0,3.0,0
Carrot & Celery Sticks,0.0,0.0,3.0,2.0,15.0,30.0,0
Zucchini Spaghetti,1.0,0.0,3.0,2.0,15.0,0.0,0
Baby Zucchini,1.0,0.0,3.0,2.0,15.0,5.0,0
Beans,1.0,0.0,3.0,2.0,15.0,290.0,1
Zucchini Spaghetti,1.0,0.0,3.0,2.0,15.0,0.0,1
Celery,0.0,0.0,4.0,2.0,15.0,115.0,0
Celery,0.0,0.0,4.0,2.0,15.0,115.0,0
Celery Hearts,0.0,0.0,4.0,2.0,15.0,115.0,0
Foxy Celery,0.0,0.0,4.0,2.0,15.0,115.0,0
Celery Sticks,1.0,0.0,4.0,2.0,15.0,80.0,0
Celery Sticks,0.0,0.0,4.0,2.0,15.0,105.0,0
Celery Sticks,0.0,0.0,4.0,2.0,15.0,105.0,0
Celery Sticks,0.0,0.0,4.0,2.0,15.0,105.0,0
Celery,0.0,0.0,4.0,2.0,15.0,115.0,0
Celery Hearts,0.0,0.0,4.0,2.0,15.0,115.0,0
Apple Slice,0.0,0.0,4.0,3.0,15.0,0.0,0
Chips,2.0,9.0,15.0,0.0,150.0,170.0,2
French Toast,5.0,7.0,16.0,0.0,150.0,0.0,1
Chips & Salsa,2.0,7.0,18.0,0.0,150.0,0.0,2
Corn,3.0,3.0,28.0,0.0,150.0,0.0,1
Pepperoni Original,5.0,14.0,0.0,0.0,150.0,500.0,2
Bread Baguette,5.0,1.0,30.0,0.0,150.0,0.0,1
Beer,0.0,0.0,0.0,0.0,150.0,0.0,2
Taiwan Beer,0.0,0.0,0.0,0.0,150.0,0.0,2
Beer,0.0,0.0,13.0,0.0,150.0,0.0,2
Ginger Wine,0.0,0.0,20.3,0.0,150.0,0.0,2
Sauvignon Blanc,0.07,0.0,3.5,0.0,150.0,0.0,2
Chips,2.0,9.0,14.0,1.0,150.0,95.0,2
Chips,2.0,9.0,16.0,1.0,150.0,170.0,2
Chips,2.0,9.0,16.0,1.0,150.0,190.0,2
Jimmy Chips Regular Potato Chips,2.0,9.0,16.0,1.0,150.0,100.0,2
Bar Mix,4.0,8.0,17.0,1.0,150.0,270.0,2
Chips,2.0,8.0,17.0,1.0,150.0,170.0,2
Jalapeño Potato Chips,2.0,8.0,17.0,1.0,150.0,160.0,2
Five Cheese,5.0,7.0,17.0,1.0,150.0,200.0,1
Ciabatta Bread,5.0,2.0,27.0,1.0,150.0,240.0,1
Almonds Chocolate,6.0,13.0,6.0,1.0,150.0,25.0,2
Chips,2.0,10.0,14.0,1.0,150.0,160.0,2
Chips,2.0,10.0,14.0,1.0,150.0,125.0,2
Bread,5.0,1.0,30.0,1.0,150.0,370.0,1
"Red Wine (Dry, Generic)",0.0,0.0,4.6,1.1,150.0,7.0,2
Glass of Red Wine,0.1,0.0,4.6,1.1,150.0,7.0,2
Cabbage Curry,4.1,16.8,12.1,1.2,150.0,8.0,1
Yogurt,2.0,4.5,25.0,11.0,150.0,115.0,0
Carrot Cake,5.0,3.5,22.0,12.0,150.0,170.0,1
Chocolate,1.0,7.0,21.0,13.0,150.0,110.0,2
Chocolate Shake,16.66,2.0,16.9,14.2,150.0,357.0,2
Chocolate Milk,8.0,2.5,24.0,18.0,150.0,220.0,2
Chocolate,1.0,1.5,33.0,18.0,150.0,85.0,2
Chips,2.0,8.0,17.0,2.0,150.0,0.0,2
Bbq Potato Chips,2.0,8.0,17.0,2.0,150.0,125.0,2
Toast,3.0,6.0,20.0,2.0,150.0,270.0,1
8 Whole Grains Waffles,5.0,5.0,25.0,2.0,150.0,310.0,1
Toast,6.0,1.5,27.0,2.0,150.0,290.0,1
Cabbage Fat-burning Soup,20.0,5.0,3.5,2.3,150.0,25.0,1
Yogurt,6.0,3.0,25.0,20.0,150.0,120.0,0
Silk Yogurt,6.0,3.0,25.0,20.0,150.0,120.0,0
Yogurt,4.0,2.0,30.0,23.0,150.0,70.0,0
Sweet Potato Harvest Chips,1.0,9.0,15.0,3.0,150.0,135.0,2
Blueberry Waffles,4.0,5.0,25.0,3.0,150.0,340.0,1
Blueberry Whole Grain Waffles,4.0,5.0,25.0,3.0,150.0,340.0,1
Celery,6.0,11.0,6.0,3.0,150.0,125.0,0
Cheesy Broccoli Rice,5.0,2.5,28.0,5.0,150.0,670.0,1
Pancakes,5.0,1.5,31.0,6.0,150.0,450.0,1
"Pancakes, Buttermilk",5.0,1.5,31.0,6.0,150.0,450.0,1
Buttermilk Pancakes,4.0,1.5,31.0,7.0,150.0,460.0,1
Pancakes,4.0,1.5,31.0,7.0,150.0,390.0,1
"Beans - Baked, home prepared",5.54,5.15,21.39,0.0,151.0,422.0,1
Beer,1.0,0.0,13.0,0.0,152.0,0.0,2
Beer,0.0,0.0,12.0,0.0,153.0,0.0,2
Beer,1.6,0.0,12.6,0.0,153.0,14.0,2
Beer,1.6,0.0,38.25,0.0,153.0,0.0,2
Red Wine,0.1,0.0,4.7,0.0,153.0,0.0,2
Quinoa & Black Beans,7.7,1.7,27.8,1.5,153.0,517.0,1
Cake Bar,1.5,8.8,17.3,13.7,153.0,0.1,1
Yellow Cake,1.6,4.1,27.7,15.36,153.0,233.0,1
Apple Muffin,1.8773,1.8734,32.6142,18.4587,153.981,250.826,1
Beer,1.66,0.0,12.78,0.0,155.0,14.0,2
Waffles,3.0,10.0,23.0,12.0,155.0,180.0,1
Spaghetti,5.3,0.6,31.3,0.5,156.0,0.0,1
Beer,0.0,0.0,12.0,0.0,157.0,0.0,2
Spice Cake,2.3,6.2,23.4,11.54,157.0,207.0,1
Chips,2.5,3.8,28.5,0.6,158.0,0.1,2
Pancakes,4.5,5.9,21.7,3.5,158.0,504.0,1
Steamed Nappa Cabbage,1.2,0.2,3.23,0.0,16.0,34.8,1
Courgette / Zucchini,1.2,0.2,3.3,0.0,16.0,0.0,0
Celery Stalks,0.7,0.0,2.97,1.3,16.0,80.0,0
Celery,0.69,0.17,2.97,1.34,16.0,80.0,0
"Celery, raw",0.69,0.17,2.97,1.34,16.0,80.0,0
"Cabbage, chinese (pe-tsai), raw",1.2,0.2,3.23,1.41,16.0,9.0,1
Celery,0.7,0.2,3.4,1.8,16.0,80.0,0
Organic Celery Sticks,0.7,0.2,3.4,1.8,16.0,80.0,0
Zucchini,2.0,0.1,3.0,2.0,16.0,10.0,0
Garlic Bread,3.0,9.0,17.0,0.0,160.0,270.0,1
Chips,2.0,9.0,17.0,0.0,160.0,15.0,2
Beer Battered Cod,9.0,7.0,15.0,0.0,160.0,350.0,2
Blueberry Whole Wheat Pancakes,9.8,2.6,26.7,0.0,160.0,464.0,1
Chips,2.0,10.0,15.0,0.0,160.0,0.0,2
Chips,2.0,10.0,16.0,0.0,160.0,110.0,2
Chips,1.0,10.0,16.0,0.0,160.0,230.0,2
Crab Cake,11.2,10.0,5.1,0.0,160.0,491.0,1
Crab Cake,11.0,10.0,6.0,0.0,160.0,500.0,1
Beer,0.0,0.0,15.0,0.0,160.0,0.0,2
Beer,2.0,0.0,39.0,0.0,160.0,0.0,2
Chips,1.0,9.0,18.0,1.0,160.0,310.0,2
Pancakes,3.0,4.5,25.0,1.0,160.0,410.0,1
Bread,6.0,4.0,23.0,1.0,160.0,250.0,1
Beer Nuts,6.0,10.0,11.0,1.0,160.0,20.0,2
Ruffles Chips,2.0,10.0,15.0,1.0,160.0,0.0,2
Red Wine,0.0,0.0,4.0,1.0,160.0,10.0,2
Apple Cake,1.7,1.0,36.6,10.96,160.0,193.0,0
Apple Cake,1.7,1.0,36.6,10.96,160.0,193.0,1
Chocolate Chips Cookies,1.0,8.0,22.0,11.0,160.0,110.0,2
Marble Loaf Cake,2.0,7.0,21.0,12.0,160.0,190.0,1
Apple,4.0,2.0,33.0,12.0,160.0,200.0,0
Biscotti,3.0,6.0,24.0,13.0,160.0,0.0,2
Pound Cake,2.0,5.0,25.0,15.0,160.0,240.0,1
Lime Yogurt,11.0,4.5,18.0,17.0,160.0,75.0,0
Carrot Cake,4.0,4.0,27.0,17.0,160.0,200.0,1
Cup Cake,1.0,6.0,26.0,18.0,160.0,210.0,1
Chocolate,14.0,3.0,20.0,18.0,160.0,230.0,2
Pepperoni,9.0,8.0,16.0,2.0,160.0,420.0,2
Chicken & Waffles Chips,2.0,10.0,15.0,2.0,160.0,135.0,1
Chips,2.0,10.0,15.0,2.0,160.0,150.0,2
Mango Yogurt,13.0,3.0,21.0,20.0,160.0,65.0,0
Mango,13.0,3.0,21.0,20.0,160.0,65.0,0
Yogurt,6.0,1.5,30.0,25.0,160.0,100.0,0
Waffles,3.0,3.0,28.0,3.0,160.0,460.0,1
Root Beer Soda,0.0,0.0,43.0,43.0,160.0,65.0,2
Bread,5.0,1.0,33.0,5.0,160.0,230.0,1
Chocolate,17.0,2.0,17.0,6.0,160.0,150.0,2
Chocolate,17.0,2.0,17.0,6.0,160.0,150.0,2
My Pancakes,5.0,1.5,36.0,66.0,160.0,470.0,1
Waffles,5.0,4.0,27.0,7.0,160.0,270.0,1
Buttermilk Waffles,5.0,4.0,27.0,7.0,160.0,270.0,1
"Alcoholic beverage, wine, dessert, sweet",0.2,0.0,13.69,7.78,160.0,9.0,2
Pound Cake,6.0,5.0,24.0,9.0,160.0,250.0,2
Chocolate Chip Pancakes,3.0,2.5,31.0,9.0,160.0,390.0,2
Bread,2.0,5.0,29.0,16.0,161.0,219.0,1
Tea Cake,5.4,2.0,30.0,8.9,164.0,0.19,2
Scotch Eggs,18.0,3.1,19.0,1.9,165.0,419.0,1
Eggs - Scrambled (whole egg),11.09,12.21,2.2,1.73,166.0,280.0,1
Chocolate,4.5,1.8,30.6,8.1,166.0,0.04,2
Eggs,13.0,11.0,2.0,1.0,168.0,476.0,1
1 Egg White,3.6,0.06,0.24,0.23,17.0,55.0,1
Zucchini Raw - Chopped,1.0,0.0,3.0,1.0,17.0,0.0,0
Boiled Cabbage,1.0,0.0,4.1,2.1,17.0,6.0,1
Green Cabbage,0.9,0.1,4.1,2.2,17.0,16.0,1
Cabbage Shredded,0.9,0.0,2.3,2.2,17.0,13.0,1
"Squash, summer, zucchini, includes skin, raw",1.21,0.32,3.11,2.5,17.0,8.0,0
Zucchini (Usda),1.2,0.32,3.11,2.5,17.0,8.0,0
Zucchini Roh,1.21,0.32,3.11,2.5,17.0,8.0,0
Fresh Zucchini (Raw),1.2,0.3,3.1,2.5,17.0,8.0,0
Cabbage (Cooked),1.0,0.0,4.1,4.4,17.3,12.0,1
Garlic Bread,4.0,9.0,21.0,0.0,170.0,350.0,1
Fried Eggs,11.0,13.0,0.6,0.0,170.0,260.0,1
Eggs,12.0,13.0,2.0,0.0,170.0,130.0,1
Scrambled Eggs,15.0,11.0,1.0,0.0,170.0,180.0,1
Steamed Broccoli W/butter,8.0,11.0,13.0,0.0,170.0,60.0,1
Cabbage Rolls,8.0,1.0,45.0,0.0,170.0,0.0,1
Waffles,0.0,0.0,0.0,0.0,170.0,0.0,1
Beer,0.0,0.0,17.0,0.0,170.0,0.0,2
Rose Wine,0.5,0.0,4.5,0.0,170.0,0.0,2
Rice & Beans,9.0,2.5,31.0,1.0,170.0,530.0,1
Crab Cake,11.0,11.0,8.0,1.0,170.0,370.0,1
Cheese,5.0,10.0,16.0,1.0,170.0,360.0,1
Chocolate,16.0,3.0,18.0,10.0,170.0,240.0,2
Spaghetti O's,6.0,1.0,35.0,11.0,170.0,600.0,1
Wafer (Chocolate),1.0,9.0,20.0,12.0,170.0,55.0,2
Chocolate,11.0,3.0,26.0,13.0,170.0,170.0,2
Chocolate Riesens,1.0,6.0,28.0,15.0,170.0,15.0,2
Cake,1.0,9.0,22.0,18.0,170.0,85.0,1
Homestyle Waffles,4.0,5.0,27.0,2.0,170.0,330.0,1
Beer Nuts,7.0,14.0,7.0,2.0,170.0,80.0,0
Strawberry Yogurt,5.0,1.5,33.0,26.0,170.0,85.0,0
Waffles,5.0,6.0,26.0,3.0,170.0,400.0,1
Whole Wheat Waffles,5.0,6.0,26.0,3.0,170.0,400.0,1
Whole Grain Waffles,5.0,6.0,26.0,3.0,170.0,400.0,1
Eggo Nutrigrain Whole Wheat,5.0,6.0,26.0,3.0,170.0,400.0,1
Whole Wheat Waffles,5.0,6.0,26.0,3.0,170.0,400.0,1
Whole Wheat Waffles,6.0,3.5,31.0,4.0,170.0,330.0,1
Ginger Beer,0.0,0.0,40.0,40.0,170.0,41.0,2
Root Beer Can,0.0,0.0,47.0,45.0,170.0,65.0,2
Cheddar Broccoli,3.0,7.0,24.0,6.0,170.0,960.0,1
Yogurt,12.0,7.0,14.0,7.0,170.0,125.0,0
Pancakes,3.0,4.5,30.0,8.0,170.0,380.0,2
Whole Wheat Pancakes,8.9,2.1,31.5,2.5,171.0,561.4,1
Homade Waffles,4.0,11.0,15.0,0.0,172.0,0.0,1
Whole Wheat Pancakes,8.9,2.1,31.5,2.5,172.0,561.4,1
Celery With Cheese Spread,6.0,10.0,8.0,6.0,174.0,940.0,0
Beer,3.0,0.0,14.0,0.0,176.0,0.0,2
"Bread stuffing, bread, dry mix, prepared",3.2,8.6,21.7,2.11,177.0,479.0,1
Celery Raw *,1.18,0.0,3.53,0.0,18.0,118.0,0
"Celery, Raw",1.0,0.2,3.0,0.9,18.0,0.0,0
Celery,1.0,0.0,4.0,2.0,18.0,88.0,0
"Celery, cooked, boiled, drained, without salt",0.83,0.16,4.0,2.37,18.0,91.0,0
"Celery, cooked, boiled, drained, with salt",0.83,0.16,4.0,2.37,18.0,327.0,0
Fresh Raw Cabbage,1.0,1.0,3.9,2.4,18.0,12.0,1
Apple,0.05,0.0,4.9,3.8,18.0,0.0,0
Rice & Beans,4.0,5.0,30.0,0.0,180.0,200.0,1
Mini,3.0,5.0,31.0,0.0,180.0,330.0,1
Jumbo Eggs,16.0,12.0,0.0,0.0,180.0,180.0,1
Chicken,22.0,10.0,0.0,0.0,180.0,95.0,1
Beer,0.0,0.0,12.0,0.0,180.0,0.0,2
Beer,0.0,0.0,45.0,0.0,180.0,0.0,2
Garlic Texas Toast,4.0,9.0,20.0,1.0,180.0,310.0,1
Pancakes,3.0,5.0,31.0,10.0,180.0,330.0,1
Mini Pancakes,3.0,5.0,31.0,10.0,180.0,330.0,1
Carrot Cake,8.0,6.0,28.0,13.0,180.0,130.0,1
Cake,2.0,7.0,26.0,15.0,180.0,125.0,1
Chocolate Loaf Cake,2.0,8.0,27.0,16.0,180.0,280.0,1
Milk Chocolate Confection - Alpine Milk,2.0,10.0,20.0,19.0,180.0,30.0,2
Homestyle Waffles,4.0,7.0,27.0,2.0,180.0,370.0,1
Homestyle Waffles,4.0,7.0,27.0,2.0,180.0,430.0,1
Homestyle Waffles,4.0,7.0,27.0,2.0,180.0,430.0,1
Waffles,4.0,6.0,26.0,2.0,180.0,0.0,1
Waffles,4.0,6.0,26.0,2.0,180.0,420.0,1
Buttermilk Waffles,4.0,6.0,26.0,2.0,180.0,420.0,1
Waffles,4.0,6.0,26.0,2.0,180.0,420.0,1
Waffles,4.0,6.0,26.0,2.0,180.0,420.0,1
Buttermilk Waffles,4.0,6.0,26.0,2.0,180.0,420.0,1
Eggo Homestyle Waffles (2 Waffles),4.0,6.0,27.0,2.0,180.0,360.0,1
Homestyle Waffles ,4.0,6.0,27.0,2.0,180.0,360.0,1
Homestyle Waffles,4.0,6.0,27.0,2.0,180.0,360.0,1
Buttermilk Waffles*,4.0,6.0,28.0,2.0,180.0,370.0,1
Chocolate,20.0,4.5,17.0,2.0,180.0,75.0,2
Chicken & Apple,12.0,12.0,3.0,2.0,180.0,640.0,1
Celery Raw Diced,0.8,0.0,4.0,2.0,180.0,89.6,0
Chocolate,1.0,7.0,29.0,25.0,180.0,50.0,2
Yogurt,6.0,2.0,35.0,25.0,180.0,85.0,0
Chips,3.0,8.0,26.0,3.0,180.0,190.0,2
Pumpkin Waffles,4.0,6.0,26.0,3.0,180.0,400.0,1
Multigrain Waffles,4.0,6.0,28.0,3.0,180.0,400.0,1
Broccoli Cheddar Soup,5.0,11.0,16.0,3.0,180.0,990.0,1
Broccoli and Cheese Soup,5.0,11.0,16.0,3.0,180.0,990.0,1
Yogurt,7.0,2.0,35.0,30.0,180.0,105.0,0
Blueberry Waffles,4.0,6.0,29.0,6.0,180.0,370.0,1
Blueberry Waffles,4.0,6.0,29.0,6.0,180.0,370.0,1
Strawberry Waffles,4.0,6.0,29.0,6.0,180.0,370.0,1
Protein Waffles,10.0,5.0,26.0,6.0,180.0,320.0,1
Buttermilk Pancakes,4.0,1.5,36.0,6.0,180.0,530.0,1
Pancakes,4.0,1.5,37.0,6.0,180.0,530.0,1
Nutrigrain Blueberry Waffles,4.0,5.0,31.0,7.0,180.0,370.0,2
Beer 6.1%,0.0,0.0,17.0,0.0,183.0,0.0,2
Merlot,0.1,0.0,3.69,0.91,184.0,5.0,2
Beer,0.0,0.0,8.0,0.0,187.0,0.0,2
Chocolate,3.0,9.3,22.9,19.7,187.0,0.0,2
Pinot Noir,0.0,0.0,3.0,0.0,188.0,0.0,2
Marble Cake,2.7,9.3,24.3,12.94,189.0,182.0,1
Zucchini,1.4,0.4,3.5,2.8,19.0,9.0,0
Zucchini,1.5,0.4,3.5,2.8,19.0,9.0,0
"Zucchini, Cooked (Corrected)",1.4,0.4,3.5,2.8,19.0,9.0,0
Noodles,1.4,0.4,3.5,2.8,19.0,9.0,1
Mini Eggs,1.0,8.0,30.0,0.0,190.0,110.0,1
Bacon,5.0,19.0,0.0,0.0,190.0,220.0,2
Wine,0.0,10.0,25.0,0.0,190.0,0.0,2
Bread,7.0,1.0,39.0,0.0,190.0,350.0,1
Celery & Peanut Butter,10.0,15.0,11.0,1.0,190.0,260.0,0
Black Beans & Rice,7.0,1.0,39.0,1.0,190.0,950.0,1
Spaghetti,7.0,1.0,41.0,1.0,190.0,10.0,1
Spaghetti Noodles,7.0,1.0,41.0,1.0,190.0,10.0,1
Spaghetti,7.0,1.0,41.0,1.0,190.0,10.0,1
Red Beans & Rice,7.0,0.5,40.0,1.0,190.0,1060.0,1
French Toast,2.0,3.5,39.0,12.0,190.0,310.0,1
Oatmeal,4.0,4.0,37.0,14.0,190.0,250.0,1
Chocolate Chocolate Chip Cookie,2.0,8.0,29.0,18.0,190.0,180.0,2
Chocolate,10.0,6.0,25.0,18.0,190.0,210.0,2
Apple Pie,4.0,10.0,24.0,18.0,190.0,5.0,1
Waffles,5.0,8.0,27.0,2.0,190.0,370.0,1
Waffles-Buttermilk,5.0,8.0,27.0,2.0,190.0,370.0,1
Waffles-buttermilk,5.0,8.0,28.0,2.0,190.0,370.0,1
Frozen Waffles,4.0,7.0,27.0,2.0,190.0,370.0,1
Homestyle Waffles,4.0,7.0,27.0,2.0,190.0,360.0,1
Original Waffles,5.0,7.0,27.0,2.0,190.0,370.0,1
Waffles (2 Waffles/70g),5.0,7.0,27.0,2.0,190.0,0.0,1
Homestyle Waffles,4.0,7.0,27.0,2.0,190.0,370.0,1
2 Waffles,5.0,7.0,28.0,2.0,190.0,370.0,1
Pastel Eggs,4.0,8.0,25.0,21.0,190.0,85.0,1
Yogurt,7.0,7.0,27.0,25.0,190.0,100.0,0
Chocolate Eggs,2.0,8.0,28.0,27.0,190.0,30.0,1
Chocolate Mini Eggs,2.0,8.0,28.0,27.0,190.0,30.0,1
Raisinets - Dark Chocolate,2.0,8.0,31.0,27.0,190.0,5.0,2
Red Wine,1.0,0.0,27.0,27.0,190.0,5.0,2
Pancakes,14.0,2.0,30.0,3.0,190.0,0.0,1
Peanut Butter Toast,7.0,16.0,7.0,3.0,190.0,150.0,1
Mini Robin Eggs,1.0,5.0,35.0,32.0,190.0,70.0,1
Vanilla Yogurt,6.0,2.0,38.0,32.0,190.0,105.0,0
Toast,4.0,8.0,15.0,4.0,190.0,350.0,1
Gluten Free Waffles,1.0,7.0,33.0,4.0,190.0,350.0,1
Ginger Beer,0.0,0.0,48.0,48.0,190.0,0.0,2
Gluten Free Pancakes,0.2,2.5,39.0,5.0,190.0,300.0,1
Blueberry,4.0,6.0,29.0,6.0,190.0,360.0,1
2 Waffles,4.0,6.0,29.0,6.0,190.0,0.0,1
Waffles - Strawberry,4.0,6.0,29.0,6.0,190.0,370.0,1
Eggo Strawberry Waffles,4.0,6.0,29.0,6.0,190.0,370.0,1
Blueberry,4.0,6.0,29.0,6.0,190.0,360.0,1
Pancakes,14.0,4.0,28.0,8.0,190.0,280.0,2
Chocolate,4.0,12.0,17.0,16.0,191.0,42.0,2
Shortcut Bacon,16.2,12.8,1.2,0.0,192.0,0.0,2
Beer,1.5,0.0,11.5,0.0,192.0,13.0,2
Beer,0.18,0.1,11.0,0.5,192.0,0.0,2
Raisin Toast,6.0,1.7,36.9,11.5,192.639,224.0,1
Pancakes - Plain,5.2,2.5,36.7,0.0,194.0,628.0,1
Beer,0.0,0.0,17.0,0.0,194.0,0.0,2
Pepperoni Pizza,10.0,7.0,28.0,0.0,196.0,0.0,2
Käse Toast,11.0,11.0,11.0,0.0,197.0,0.0,1
Eggs,11.0,8.8,0.6,0.6,199.0,123.2,1
Coffee,0.2,0.0,0.3,0.3,2.0,0.0,2
Coffee,0.2,0.0,0.3,0.3,2.0,0.0,2
Celery,1.0,0.0,1.0,0.0,20.0,0.0,0
Organic Celery,1.0,0.0,5.0,0.0,20.0,100.0,0
Celery Heart,1.0,0.0,5.0,0.0,20.0,100.0,0
Celery Raw,1.0,0.0,5.0,0.0,20.0,100.0,0
Celery-medium Stalks,1.0,0.0,5.0,0.0,20.0,100.0,0
Celery Hearts,1.0,0.0,5.0,0.0,20.0,100.0,0
Grilled Cabbage,0.0,0.0,1.0,1.0,20.0,0.0,1
Whole Foods Broccoli,2.0,0.0,4.0,1.0,20.0,20.0,1
Canned Green Beans,0.0,0.0,5.0,1.0,20.0,190.0,1
Zucchini Fried,1.7,0.4,2.2,1.2,20.0,0.0,0
"John's Broccoli, Steamed",1.0,0.0,1.0,1.7,20.0,33.0,1
Zucchini (Marco),1.6,0.4,2.05,1.8,20.0,1.0,0
2 Medium Celery Stalks 3.9oz,1.0,0.0,3.0,10.0,20.0,90.0,0
Celery Sticks,1.0,0.0,3.0,2.0,20.0,90.0,0
Celery Hearts,1.0,0.0,3.0,2.0,20.0,90.0,0
Fresh Celery,1.0,0.0,3.0,2.0,20.0,90.0,0
Fresh Vegetables - Celery,1.0,0.0,3.0,2.0,20.0,90.0,0
Steamed - Nick,2.0,0.0,4.0,2.0,20.0,12.0,0
Green Beans,1.0,0.0,4.0,2.0,20.0,0.0,1
Canned Green Beans,1.0,0.0,4.0,2.0,20.0,290.0,1
Canned Green Beans,1.0,0.0,4.0,2.0,20.0,400.0,1
Green Beans,1.0,0.0,4.0,2.0,20.0,290.0,1
Canned,1.0,0.0,4.0,2.0,20.0,400.0,1
Shredded Green Cabbage,1.0,0.0,4.0,2.0,20.0,15.0,1
"Carrots, Cabbage",1.0,0.0,4.0,2.0,20.0,20.0,1
French Style Green Beans,1.0,0.0,4.0,2.0,20.0,290.0,1
Shredded Zucchini,2.0,0.0,6.0,2.0,20.0,12.0,0
Two Large Stalks,0.8,0.2,3.8,2.4,20.0,102.0,0
Red Cabbage,0.0,0.0,5.0,4.0,20.0,90.0,1
Cabbage,4.0,0.0,15.0,8.0,20.0,0.0,0
Chocolate Waffle,4.0,7.0,31.0,0.0,200.0,0.0,2
Apple Bread,3.0,7.0,33.0,0.0,200.0,0.0,1
Apple Bread,3.0,7.0,33.0,0.0,200.0,0.0,1
Bread,4.0,6.0,35.0,0.0,200.0,133.0,1
Brown Toast With Butter,2.5,4.0,13.5,0.0,200.0,310.0,1
Eggs,15.0,14.0,0.0,0.0,200.0,0.0,1
Eggs,15.0,14.0,1.0,0.0,200.0,200.0,1
Scrambled Eggs,15.0,14.0,1.0,0.0,200.0,200.0,1
Scrambled Eggs,15.0,14.0,1.0,0.0,200.0,200.0,1
Broccoli Cheddar Soup,8.0,12.0,14.0,0.0,200.0,830.0,1
Broccoli Cheese Soup,8.0,12.0,14.0,0.0,200.0,830.0,1
Spaghetti,7.0,1.0,41.0,0.0,200.0,0.0,1
Gluten Free Spaghetti,4.0,1.0,44.0,0.0,200.0,0.0,1
Wine,0.0,0.0,30.0,0.0,200.0,0.0,2
Waffles,2.0,6.0,33.0,1.0,200.0,330.0,1
Pancakes - Buttermilk,23.0,2.0,33.0,1.0,200.0,60.0,1
Spaghetti *,8.0,1.0,41.0,1.0,200.0,20.0,1
Spaghetti Noodles,7.0,1.0,42.0,1.0,200.0,0.0,1
Spaghetti Noodles,7.0,1.0,42.0,1.0,200.0,0.0,1
Angle Food Cake,0.0,0.0,16.0,11.0,200.0,210.0,1
Pound Cake,3.0,7.0,31.0,17.0,200.0,230.0,1
Waffles,5.0,5.0,25.0,2.0,200.0,310.0,1
Crackers - Real Cheese,3.0,10.0,22.0,2.0,200.0,400.0,0
Whole Grain,7.0,1.5,41.0,2.0,200.0,10.0,1
Whole Grain Spaghetti,7.0,1.5,41.0,2.0,200.0,10.0,1
Pasta,7.0,1.0,41.0,2.0,200.0,0.0,1
Spaghetti,7.0,1.0,41.0,2.0,200.0,0.0,1
Thin Spaghetti,7.0,1.0,41.0,2.0,200.0,0.0,1
Spaghetti,7.0,1.0,41.0,2.0,200.0,0.0,1
Spaghetti,7.0,1.0,41.0,2.0,200.0,0.0,1
Spaghetti,7.0,1.0,41.0,2.0,200.0,0.0,1
Spaghetti,7.0,1.0,41.0,2.0,200.0,0.0,1
Spaghetti Noodles,7.0,1.0,41.0,2.0,200.0,0.0,1
Spaghetti Noodles,7.0,1.0,41.0,2.0,200.0,0.0,1
Spaghetti,7.0,1.0,42.0,2.0,200.0,0.0,1
Spaghetti,7.0,1.0,42.0,2.0,200.0,0.0,1
Pasta,7.0,1.0,42.0,2.0,200.0,0.0,1
Milk Chocolate Eggs,3.0,12.0,24.0,22.0,200.0,50.0,1
Eggs,3.0,12.0,24.0,22.0,200.0,50.0,1
Chocolate,3.0,12.0,25.0,23.0,200.0,35.0,2
Mini Eggs,2.0,9.0,28.0,26.0,200.0,0.0,1
Pancakes (2),8.0,8.0,100.0,3.0,200.0,250.0,1
Pepperoni,7.0,6.0,28.0,3.0,200.0,340.0,2
Pancakessyyyy,14.0,4.0,67.0,3.0,200.0,570.0,1
Cheddar Broccoli Rice,10.0,3.0,33.0,3.0,200.0,470.0,1
Broccoli Rice,5.0,2.5,41.0,3.0,200.0,720.0,1
Cake,3.0,15.0,40.0,32.0,200.0,290.0,1
Belgian Waffles,4.0,9.0,26.0,6.0,200.0,500.0,1
Protein Pancakes,12.0,2.5,31.0,8.0,200.0,570.0,2
Coconut Yogurt,12.0,11.0,11.0,8.0,200.0,60.0,2
Waffles,4.0,7.0,31.0,9.0,200.0,370.0,2
Waffles,4.0,7.0,31.0,9.0,200.0,370.0,2
Eggo Waffles - Chocolate Chip,4.0,7.0,31.0,9.0,200.0,370.0,2
Chinese Pancakes,0.0,0.0,0.0,0.0,203.0,0.0,1
Beer,1.7,0.0,14.0,0.0,203.0,0.0,2
Beer,1.7,0.0,11.0,11.0,204.0,0.0,2
"Scrambled Eggs, Cheese",14.5168,15.5209,1.3796,0.1562,207.432,196.807,1
Beer,0.0,0.0,0.0,0.0,208.0,0.0,2
Hefeweizen,0.0,0.0,39.0,0.0,208.0,0.0,2
Spaghetti Squash Bake,9.7,10.3,22.3,10.8,208.0,696.0,1
Spaghetti Squash Casserole,9.7,10.3,22.3,10.8,208.0,696.0,1
Beer Bread,4.8,0.5,42.6,0.0,209.0,0.0,2
Cake,2.0,8.0,30.0,27.0,209.0,113.0,1
Cabbage - Boiled,1.3,0.5,3.2,0.0,21.0,0.0,1
"Squash, zucchini, baby, raw",2.71,0.4,3.11,0.0,21.0,3.0,0
Whole Zucchini,1.05,0.0,4.21,3.16,21.0,0.0,0
Pancakes,8.0,9.0,24.0,0.0,210.0,0.0,1
Cheese Itz,5.0,11.0,24.0,0.0,210.0,320.0,0
French Toast Sticks,5.0,4.5,39.0,10.0,210.0,380.0,1
"Pancakes, Chocolate Chip",4.0,3.5,41.0,11.0,210.0,480.0,1
Krusteaz Buttermilk Pancakes Uncooked,4.0,1.5,45.0,11.0,210.0,660.0,1
Lemon Pound Cake,10.0,9.0,23.0,14.0,210.0,10.0,1
Mini Waffles,4.0,6.0,38.0,16.0,210.0,200.0,1
Chocolate,3.0,14.0,18.0,16.0,210.0,20.0,2
Bbq Baked Beans,8.0,1.5,41.0,18.0,210.0,780.0,1
Waffles,4.0,8.0,29.0,2.0,210.0,350.0,1
Pizza Rolls- Pepperoni,6.0,8.0,30.0,2.0,210.0,370.0,2
Homestyle Waffles,6.0,7.0,28.0,2.0,210.0,510.0,1
Spaghetti,7.0,1.0,41.0,2.0,210.0,0.0,1
Spaghetti Cup,7.0,1.0,41.0,2.0,210.0,0.0,1
Spaghetti,7.0,1.0,41.0,2.0,210.0,0.0,1
Spaghetti,7.0,1.0,42.0,2.0,210.0,0.0,1
Spaghetti,7.0,1.0,42.0,2.0,210.0,0.0,1
Spaghetti,7.0,1.0,42.0,2.0,210.0,0.0,1
Spaghetti,7.0,1.0,42.0,2.0,210.0,0.0,1
Spaghetti,7.0,1.0,44.0,2.0,210.0,0.0,1
Chocolate,5.0,13.0,24.0,21.0,210.0,150.0,2
Yogurt,9.0,5.0,32.0,22.0,210.0,100.0,0
Milk Chocolate Bar,3.0,13.0,26.0,24.0,210.0,35.0,2
Caramel Chocolate Bar,2.0,10.0,28.0,26.0,210.0,45.0,2
Milk Chocolate Caramel,2.0,10.0,28.0,26.0,210.0,45.0,2
Chocolate,2.0,9.0,32.0,27.0,210.0,90.0,2
Waffles,3.0,8.0,27.0,3.0,210.0,370.0,1
Celery and Peter Pan Peanut Butter,8.0,17.0,6.0,3.0,210.0,140.0,0
Waffles,4.0,9.0,28.0,4.0,210.0,470.0,1
Cinnamon Waffles,3.0,9.0,30.0,4.0,210.0,350.0,1
Toast Cheese,5.0,12.0,24.0,4.0,210.0,260.0,1
Chocolate Wafer,15.0,9.0,13.0,5.0,210.0,80.0,2
Broccoli Cheddar Soup,11.0,9.0,21.0,6.0,210.0,1410.0,1
Waffles,4.0,9.0,28.0,6.0,210.0,500.0,1
Stuffed Cabbage Rolls,11.0,5.0,30.0,12.0,211.0,160.0,1
Broccoli Cheese Soup,12.8,14.7,8.7,5.0,211.0,1183.0,1
Beer,0.0,0.0,19.1,0.0,212.0,11.0,2
Mixed Beans,12.0,2.0,38.0,1.0,212.0,894.0,1
Broccoli,4.0,19.0,9.0,2.0,212.0,515.0,1
Celery Stick With Almond Butter,8.0,15.0,8.0,3.0,216.0,250.0,0
Donuts,3.0,11.0,25.0,16.0,217.0,186.0,2
Cake,6.0,8.0,32.0,0.0,218.0,0.0,1
Pancakes,6.2,7.7,30.1,8.0,218.0,340.0,2
Chocolate Mousse,3.7394,14.8462,19.1979,14.2806,218.239,26.5347,2
3 Medium Poached Eggs,18.79,14.85,0.0,0.0,219.0,441.0,1
Waffles-prepared,5.73,3.75,30.6,4.38,219.0,200.0,1
Chocolate Pudding Cake,2.4,2.1,50.9,41.75,219.0,137.0,1
Raw Cabbage Salad,1.0,0.0,5.0,0.0,22.0,0.0,1
Broccoli,1.1,0.7,3.8,0.8,22.0,7.0,1
"Broccoli - Chinese, cooked",1.14,0.72,3.81,0.84,22.0,7.0,1
Lambrusco Wine,0.0,0.0,2.4,1.7,22.0,0.9,2
Red,1.0,0.1,4.0,2.7,22.0,19.0,1
Purple Cabbage,1.0,0.0,5.0,2.7,22.0,19.0,1
Cabbage Lr,1.0,0.0,5.0,4.2,22.0,12.0,1
Beer Battered Cod,12.0,9.0,21.0,0.0,220.0,460.0,2
Beer Batter Cod,12.0,9.0,21.0,0.0,220.0,460.0,2
Beer Battered Cod,12.0,9.0,21.0,0.0,220.0,460.0,2
Panera,9.0,14.0,15.0,0.0,220.0,930.0,1
Broccoli Cheddar Soup (Cup),9.0,14.0,15.0,0.0,220.0,930.0,1
Broccoli Cheddar Soup,9.0,14.0,15.0,0.0,220.0,930.0,1
Dutch Chocolate,50.0,1.0,3.0,0.0,220.0,320.0,2
Fresh Raw Cabbage Mcbride,11.0,0.0,50.0,0.0,220.0,160.0,1
Chips,3.0,11.0,24.0,1.0,220.0,250.0,2
"Spaghetti, Cooked",8.0,1.3,42.95,1.0,220.0,1.0,1
Chocolate,4.0,8.0,35.0,11.0,220.0,180.0,2
Chocolate,24.0,3.0,24.0,12.0,220.0,80.0,2
Mini Donuts,2.0,10.0,30.0,15.0,220.0,220.0,2
Sugar Donuts,2.0,10.0,30.0,15.0,220.0,220.0,2
Chocolate,3.0,14.0,22.0,17.0,220.0,30.0,2
Chocolate Chip,2.0,10.0,30.0,18.0,220.0,130.0,2
Ice Cream Cake,3.0,11.0,27.0,19.0,220.0,120.0,1
Pepperoni,7.0,9.0,26.0,2.0,220.0,410.0,2
Flat Bread -Bread only,7.0,4.5,38.0,2.0,220.0,450.0,1
Knockout Chocolate,40.0,3.0,9.0,2.0,220.0,400.0,2
Chocolate Covered Almonds,4.0,13.0,22.0,20.0,220.0,0.0,2
Dove Chocolate,2.0,13.0,24.0,22.0,220.0,25.0,2
Chocolate Bar,2.0,13.0,24.0,22.0,220.0,25.0,2
Chocolate,2.0,11.0,30.0,24.0,220.0,60.0,2
"Chilli, no Beans",16.0,9.0,18.0,3.0,220.0,970.0,1
Sweet Potato Chips,1.0,14.0,24.0,4.0,220.0,100.0,2
Toast Chee,5.0,11.0,25.0,4.0,220.0,220.0,1
Blueberry Waffles,5.0,9.0,33.0,5.0,220.0,440.0,1
Cheddar Potatoes with Broccoli,9.0,3.5,38.0,5.0,220.0,620.0,1
"Macaroni & Cheese, Triple Cheese",7.0,3.5,40.0,5.0,220.0,460.0,0
Shake 'n Pour Pancakes,6.0,3.0,43.0,7.0,220.0,600.0,2
Avocado Toast,20.0,8.0,20.0,0.0,221.0,0.0,1
Chocolate,0.0,12.3,25.2,0.0,221.0,0.0,2
"Pancakes, blueberry, prepared from recipe",6.1,9.2,29.0,0.0,222.0,412.0,1
Pepperoni Pizza,12.8,7.1,25.3,0.0,222.0,390.0,2
Cannoli Cake,4.0,15.0,31.0,0.0,225.0,225.0,1
Wine,0.0,0.0,12.0,0.0,225.0,0.0,2
Marble Bundt Cake,5.1,10.3,30.1,13.8,225.0,105.9,1
"Pancakes, buttermilk, prepared from recipe",6.8,9.3,28.7,0.0,227.0,522.0,1
Pancakes,9.0,5.0,37.0,0.0,228.0,468.0,1
Cheese fondue,14.23,13.47,3.77,0.0,229.0,132.0,0
"Cabbage, cooked, boiled, drained, without salt",1.27,0.06,5.51,2.79,23.0,8.0,1
"Cabbage, common, cooked, boiled, drained, with salt",1.27,0.06,5.51,2.79,23.0,255.0,1
"Cooked, Boiled",1.3,0.1,6.0,3.0,23.0,18.0,1
Steamed Broccoli,1.9507,0.2559,4.5931,1.1759,23.5188,22.827,1
French Green Beans,1.3517,0.1542,5.3161,1.1158,23.5868,222.26,1
Pancakes,12.0,7.0,30.0,0.0,230.0,460.0,1
Chips,4.0,9.0,32.0,1.0,230.0,470.0,2
Pancakes,5.0,4.5,41.0,10.0,230.0,0.0,1
Chocolate Biscuits,4.0,8.0,35.0,11.0,230.0,180.0,2
Broccoli Salad,4.0,18.0,7.0,13.0,230.0,0.0,1
Apple Pie,2.0,8.0,37.0,15.0,230.0,135.0,1
Beer Battered Fish,7.0,14.0,20.0,2.0,230.0,550.0,2
Beer Battered Fish Filets,7.0,14.0,20.0,2.0,230.0,550.0,2
Chips,3.0,13.0,24.0,2.0,230.0,300.0,2
Strawberry Yogurt,8.0,12.0,23.0,20.0,230.0,90.0,0
Almond Chocolate Bar,3.0,13.0,25.0,24.0,230.0,35.0,2
Almond,3.0,13.0,25.0,24.0,230.0,35.0,2
Almond Milk Chocolate,3.0,13.0,25.0,24.0,230.0,35.0,2
Pure Milk Chocolate,3.0,12.0,27.0,24.0,230.0,35.0,2
Turkey Bacon,13.0,6.0,28.0,3.0,230.0,560.0,2
Pepperoni Pizza-Medium,9.0,10.0,26.0,3.0,230.0,610.0,2
Bacon Ranch Salad,30.0,9.0,10.0,5.0,230.0,700.0,2
Waffles,1.0,7.0,41.0,5.0,230.0,460.0,1
waffles,1.0,7.0,41.0,5.0,230.0,460.0,1
Gluten Free Waffles,1.0,7.0,41.0,5.0,230.0,460.0,1
"Waffles, Multigrain",5.0,9.0,31.0,7.0,230.0,330.0,2
Cheese Cake,9.0,8.0,30.0,0.0,231.0,0.0,1
Ipa Beer,0.0,0.0,14.1,0.0,231.0,0.0,2
Croissant,4.67,12.0,26.0,6.0,231.0,266.0,1
Beer,0.0,0.0,13.0,0.0,233.0,0.0,2
Japanese Beer,0.9,0.0,14.3,0.0,233.0,0.0,2
Broccoli Cheddar Soup,8.0,16.0,11.0,3.0,233.0,997.0,1
Beef & Broccoli Stir-Fry,30.6,7.3,11.5,2.14,234.0,852.0,1
Spaghetti & Marinara Sauce,9.0,2.9,42.7,8.71,234.0,569.0,2
Banana Oatmeal Pancakes,8.0,3.0,46.0,0.0,235.0,780.0,1
Wholewheat Spaghetti,9.5,1.1,43.6,0.2,235.0,0.0,1
Blueberry Pancakes,6.6,9.2,31.3,10.0,236.0,506.0,1
Chocolate Croissant,5.0,13.75,25.0,0.0,237.0,0.0,2
"Cabbage, savoy, cooked, boiled, drained, with salt",1.8,0.09,5.41,0.0,24.0,260.0,1
"Cabbage, savoy, cooked, boiled, drained, without salt",1.8,0.09,5.41,0.0,24.0,24.0,1
Steamed,0.3,0.0,1.2,0.7,24.0,32.0,0
Cabbage (Grams),1.3,0.1,6.0,3.2,24.0,18.0,1
Cabbage As Per Fatsecret Nutrtion Incl Potassium,1.3,0.12,5.58,3.58,24.0,18.0,1
Blanched Green Beans,1.3395,0.1984,5.5849,1.0985,24.8058,19.1286,1
Blueberry Pancakes,6.0,3.0,47.0,10.0,240.0,600.0,1
Pancakes,5.0,5.0,42.0,11.0,240.0,900.0,1
French Toast,9.0,5.0,37.0,14.0,240.0,340.0,1
French Toast,9.0,5.0,37.0,14.0,240.0,340.0,1
French Toast,9.0,5.0,37.0,14.0,240.0,340.0,1
Chocolate Donuts,3.0,14.0,28.0,15.0,240.0,190.0,2
Pizza Pepperoni,11.0,11.0,24.0,2.0,240.0,610.0,2
Pound Cake,3.0,9.0,37.0,21.0,240.0,260.0,1
Yogurt,7.0,14.0,24.0,21.0,240.0,70.0,0
Chocolate,8.0,3.0,45.0,25.0,240.0,200.0,2
Chocolate Bar∞,3.0,11.0,34.0,25.0,240.0,45.0,2
Coconut Cake,1.0,10.0,35.0,25.0,240.0,120.0,1
Yogurt,17.0,4.0,34.0,28.0,240.0,115.0,0
Broccoli Cheddar Soup,9.0,20.0,5.0,3.0,240.0,960.0,1
Chili with Beans,14.0,8.0,27.0,4.0,240.0,560.0,1
Buttermilk Pancakes - 2,7.0,10.0,31.0,5.0,240.0,500.0,1
Honey Beer Chicken,40.0,4.5,7.8,0.0,245.0,544.0,2
Pinto Beans,15.0,1.0,44.8,0.6,245.0,407.0,1
Beer,0.0,0.0,29.0,0.0,248.0,0.0,2
Blogilates Pancakes,14.0,11.0,28.0,15.0,248.0,0.0,1
Bacon,2.0,2.0,0.0,0.0,25.0,135.0,2
Real Bits,3.0,1.5,0.0,0.0,25.0,220.0,2
Real Crumbled Bacon,3.0,1.5,0.0,0.0,25.0,190.0,2
Eggs,5.0,0.0,0.0,0.0,25.0,95.0,1
Liquid Eggs,5.0,0.0,0.0,0.0,25.0,105.0,1
Eggs,5.0,0.0,1.0,0.0,25.0,90.0,1
Merlot,0.02,0.0,0.74,0.18,25.0,1.0,2
Chianti,0.02,0.0,0.8,0.23,25.0,1.0,2
Green Beans,3.0,0.0,3.0,1.0,25.0,5.0,1
Broccoli,2.0,0.0,4.0,1.0,25.0,20.0,1
Broccoli/ Cauliflower,2.0,0.0,4.0,1.0,25.0,25.0,1
Broccoli & Cauliflower,2.0,0.0,4.0,1.0,25.0,25.0,1
Broccoli & Cauliflower,2.0,0.0,4.0,1.0,25.0,25.0,1
Broccoli Florettes,2.0,0.0,4.0,1.0,25.0,20.0,1
Broccoli,2.0,0.0,4.0,1.0,25.0,20.0,1
Organic Broccoli Florettes,2.0,0.0,4.0,1.0,25.0,20.0,1
Frozen Broccoli,2.0,0.0,4.0,1.0,25.0,20.0,1
Cabernet,0.0,0.0,6.0,1.0,25.0,0.0,2
Broccoli,3.0,0.0,4.0,1.7,25.0,25.0,1
Roasted Zucchini,1.0,1.0,3.0,2.0,25.0,40.0,0
Zucchini,1.8,0.7,2.0,2.0,25.0,0.3,0
French Beans (Green Beans),2.0,0.0,4.0,2.0,25.0,0.0,1
Green Beans,1.0,0.0,5.0,2.0,25.0,0.0,1
Celery,1.1,0.3,4.6,2.1,25.0,124.0,0
Boiled Cabbage - Net Carb,1.0,0.1,2.84,2.8,25.0,18.0,1
Raw - Carrots,0.6,0.1,6.0,2.9,25.0,20.0,0
Nett Cabbage Green Raw,1.0,0.0,3.5,3.0,25.0,20.0,1
"Cabbage, Carrot, Red Cabbage Mix",1.0,0.0,5.0,3.0,25.0,25.0,1
"Coleslaw (Green Cabbage, Carrots, Red Cabbage)",1.0,0.0,5.0,3.0,25.0,25.0,1
White Cabbage,1.3,0.1,5.0,3.2,25.0,18.0,1
"Cabbage, raw",1.28,0.1,5.8,3.2,25.0,18.0,1
Bread,7.0,6.0,42.0,0.0,250.0,0.0,1
Spaghetti,13.0,5.0,39.0,0.0,250.0,0.0,1
Yellow Cake,3.0,11.0,35.0,0.0,250.0,0.0,1
"Bread, pumpernickel",8.7,3.1,47.5,0.53,250.0,596.0,1
Cinnamon Waffles,4.0,10.0,36.0,11.0,250.0,390.0,1
Apple Pie Baked in an Apple,2.0,13.0,32.0,13.0,250.0,170.0,1
Apple Pie,2.0,13.0,32.0,13.0,250.0,170.0,1
Chicken & Vegetable Steamed Dumplings,15.0,7.0,34.0,2.0,250.0,570.0,2
Chocolate,2.0,12.0,34.0,24.0,250.0,100.0,2
Chocolate,4.0,12.0,33.0,27.0,250.0,120.0,2
Broccoli Cheddar Soup,9.0,18.0,13.0,4.0,250.0,1030.0,1
Cabbage Rolls,11.0,11.0,27.0,8.0,250.0,690.0,2
Pancakes,6.0,6.0,42.0,9.0,250.0,470.0,2
"Cheese, neufchatel",9.15,22.78,3.59,3.19,253.0,334.0,0
"Croissants, apple",7.4,8.7,37.1,0.0,254.0,274.0,1
Spaghetti Pie,20.7,12.6,11.6,0.0,254.3,650.9,1
Entrees - Pizza with pepperoni,14.26,9.8,27.98,0.0,255.0,376.0,2
Beer,0.0,0.0,28.0,0.0,255.0,0.0,2
Navy Beans,15.0,1.1,47.8,0.7,255.0,0.0,1
Organic Wholewheat Spaghetti,9.5,1.9,46.7,1.6,255.0,0.0,1
Toast and Marmalade,9.0,4.6,42.0,12.0,256.0,7.0,1
Lemon Drizzle Cake,3.0,12.0,34.0,25.0,256.0,0.0,1
Cinnamon Apple Cake,5.2254,6.5133,45.5195,31.7578,256.965,224.438,1
Bread - Rye,8.5,3.3,48.3,0.26,259.0,660.0,1
Mc Toast Cheese & Ham,13.0,10.0,29.0,5.0,259.0,0.0,1
Carrots,1.0,0.0,5.0,0.0,26.0,0.0,0
"Broccoli, frozen, chopped, unprepared",2.81,0.29,4.78,1.35,26.0,24.0,1
Carrots Chopped,0.5,0.0,4.0,3.0,26.0,65.0,0
Chocolate Zucchini Cake,3.1,8.3,33.3,0.0,260.0,202.0,1
Zoes Kitchen,9.0,13.0,28.0,0.0,260.0,800.0,1
Chips,3.0,13.0,33.0,0.0,260.0,290.0,2
Spaghetti,8.9,1.0,52.5,0.2,260.0,0.0,1
Beer N' Bratwurst,14.0,21.0,2.0,1.0,260.0,680.0,2
Pancakes 3,6.0,5.0,48.0,11.0,260.0,580.0,1
Blueberry Pancakes,6.0,6.0,45.0,14.0,260.0,470.0,1
Pepperoni & Mozzarella,12.0,14.0,21.0,3.0,260.0,630.0,2
Cheddar Broccoli Rice,7.0,11.0,32.0,3.0,260.0,800.0,1
"Chili, with Beans",16.0,7.0,33.0,5.0,260.0,900.0,1
"Chicken, Broccoli & Cheddar",10.0,7.0,39.0,5.0,260.0,350.0,1
Blueberry Waffles and Sugar-free Syrup,4.0,6.0,29.0,6.0,260.0,380.0,1
Spaghetti Marinara,9.0,3.5,48.0,6.0,260.0,570.0,1
Spaghetti,9.0,11.0,31.0,7.0,260.0,750.0,2
Spaghetti,9.0,1.1,54.0,1.9,265.0,0.0,1
Bacon,26.8,17.6,0.0,0.0,266.0,0.0,2
"Entrees, crab cake",18.75,17.25,8.52,0.0,266.0,819.0,1
"Bread, wheat",10.72,3.24,48.68,5.91,267.0,508.0,1
Potato pancakes,6.08,14.76,27.81,1.79,268.0,764.0,1
"Bread, oatmeal",8.4,4.4,48.5,8.14,269.0,447.0,2
Boiled,1.86,0.0,5.6,1.08,27.0,32.0,1
"Cabbage, savoy, raw",2.0,0.1,6.1,2.27,27.0,28.0,1
Steamed Carrots,1.0,0.1,6.0,2.7,27.0,45.0,0
Carrots,0.6,0.1,6.4,2.7,27.0,45.0,0
Celery- Diced,1.2,1.0,6.0,3.6,27.0,137.0,0
Carrots,0.593,0.1,6.41,2.69,27.3,236.0,0
Zucchini,1.9,0.0,5.0,0.0,27.4,12.9,0
Broccoli Soup,16.0,17.2,14.8,0.0,270.0,0.0,1
Crab Cake,16.0,17.0,14.0,0.0,270.0,840.0,1
Spaghetti Pasta,9.4,1.1,54.8,0.0,270.0,0.0,1
Chocolate Chip Pancakes,6.0,9.0,42.0,12.0,270.0,490.0,1
Pancakes,6.0,6.0,48.0,12.0,270.0,500.0,1
Buttermilk Pancakes,7.0,5.0,48.0,12.0,270.0,500.0,1
Chocolate Frosted Donut,3.0,15.0,31.0,13.0,270.0,340.0,2
Apple Pie,3.0,14.0,34.0,14.0,270.0,220.0,1
Mango Yogurt,14.0,11.0,27.0,25.0,270.0,110.0,0
Toast,5.0,13.0,31.0,4.0,270.0,110.0,1
Zucchini Fritters,7.0,12.0,34.0,4.0,270.0,340.0,0
Pepperoni Pizza,12.0,8.0,38.0,7.0,270.0,590.0,2
Bread - Italian,8.8,3.5,50.0,0.83,271.0,584.0,1
Cake,4.0,8.0,40.0,30.0,273.0,380.0,1
Volkoren Spaghetti,10.8,1.6,51.2,2.8,274.0,0.0,1
"Strudel, apple",3.3,11.2,41.1,25.75,274.0,135.0,1
Stuffed Cabbage,25.6,20.0,10.0,1.0,275.0,409.0,1
Omelette,30.0,12.0,10.0,0.0,276.0,365.0,1
Chocolate syrup,2.1,1.13,65.1,49.65,279.0,72.0,2
Large Pepperoni,13.0,13.4,26.1,6.4,279.0,706.0,2
"Broccoli, stalks, raw",2.98,0.35,5.24,0.0,28.0,27.0,1
"Broccoli, flower clusters, raw",2.98,0.35,5.24,0.0,28.0,27.0,1
"Broccoli - Leaves, raw",2.98,0.35,5.24,0.0,28.0,27.0,1
Broccoli,3.3,0.5,2.8,1.6,28.0,0.0,1
Homemade Spaghetti,14.0,19.0,14.0,0.0,280.0,0.0,1
Carrot Cake,0.0,11.0,43.0,0.0,280.0,274.0,1
Mini Pancakes,6.0,9.0,44.0,11.0,280.0,570.0,1
Pancakes,6.0,9.0,45.0,12.0,280.0,590.0,1
Buttermilk Pancakes,6.0,9.0,45.0,12.0,280.0,590.0,1
Pancakes,6.0,9.0,45.0,12.0,280.0,590.0,1
Chicken and Broccoli,19.0,5.0,39.0,2.0,280.0,810.0,1
Chocolate Dark Chocolate,4.0,20.0,22.0,20.0,280.0,30.0,2
Marble Cake,4.0,12.0,39.0,20.0,280.0,360.0,1
Coffee Cake,3.0,9.0,46.0,24.0,280.0,190.0,1
Pepperoni Pizza,14.0,11.0,32.0,3.0,280.0,560.0,2
Pepperoni Pizza,15.0,10.0,33.0,3.0,280.0,710.0,2
Cake,3.0,9.0,47.0,33.0,280.0,150.0,1
Beef and Broccoli,19.0,6.0,37.0,4.0,280.0,520.0,1
Pepperoni,12.0,7.0,41.0,5.0,280.0,510.0,2
Apple Crumble,1.7,6.2,55.4,32.41,283.0,241.0,1
"Bread - Rye, toasted",9.4,3.6,53.1,0.28,284.0,725.0,1
Chicken Broccoli Casserole,36.8,7.3,15.8,3.0,284.0,745.6,1
Pancakes,16.0,5.9,42.0,0.0,285.0,255.0,1
Spaghetti,9.2,1.5,57.4,2.8,285.0,0.002,1
Key Lime Cake,5.0,2.0,63.0,0.0,286.0,115.0,1
 Coffee Cake,4.0,9.0,47.0,40.0,286.0,410.0,1
"Bread, egg",9.5,6.0,47.8,1.78,287.0,380.0,1
Cake - Sponge,5.4,2.7,61.1,36.66,289.0,244.0,1
"Alcoholic beverage, beer, light",0.24,0.0,1.64,0.09,29.0,4.0,2
"Broccoli, frozen, spears, unprepared",3.06,0.34,5.35,1.47,29.0,17.0,1
Gekookt,3.2,0.1,2.0,2.0,29.0,5.0,1
"Cabbage, red, cooked, boiled, drained, with salt",1.51,0.09,6.94,3.32,29.0,244.0,1
Cooked,1.0,0.0,6.0,4.0,29.0,4.0,0
Carrots and Turnips,0.7974,0.1605,6.944,3.6242,29.9719,41.1188,0
Cake Salé,11.9,20.0,14.8,0.962,290.0,572.0,1
Cake,4.0,14.0,45.0,26.0,290.0,490.0,1
Pumpkin Yogurt,14.0,13.0,30.0,28.0,290.0,110.0,0
Pepperoni & Sausage,14.0,13.0,29.0,3.0,290.0,580.0,2
Pepperoni Pizza,15.0,11.0,32.0,3.0,290.0,0.0,2
Yogurt,8.0,3.5,55.0,31.0,290.0,180.0,0
Pepperoni Pizza,12.0,7.0,42.0,5.0,290.0,480.0,2
"Waffles, plain, prepared from recipe",7.9,14.1,32.9,0.0,291.0,511.0,1
Stuffed Cabbage Roll,12.9,17.7,24.0,3.9,298.0,1035.0,1
Cabbage Casserole,10.0,27.2,3.14,11.5,299.0,543.0,1
Pancakes with maple syrup,3.79,2.3,65.37,33.8,299.1,181.28,1
"Stalk 5"" (17g)",0.0,0.0,0.75,0.0,3.0,14.0,0
Juiced Organic Celery,0.19,0.05,0.83,0.51,3.0,22.0,0
Broccoli Florets,1.0,0.0,2.0,0.0,30.0,20.0,1
Rice Cake,0.6,0.2,6.3,0.1,30.0,0.01,1
Liquid Eggs,6.0,0.0,1.0,1.0,30.0,115.0,1
Steamable Broccoli Florets,3.0,0.0,4.0,1.0,30.0,20.0,1
Broccoli,3.0,0.0,5.0,1.0,30.0,15.0,1
Broccoli,3.0,0.0,5.0,1.0,30.0,15.0,1
Green Beans,1.0,0.0,6.0,1.0,30.0,3.0,1
"Cabbage, japanese style, fresh, pickled",1.6,0.1,5.67,1.3,30.0,277.0,1
Cup Broccoli,2.5,0.3,5.8,1.5,30.0,29.0,1
Green Cabbage Steamed W/ Maragine,0.0,0.0,3.0,2.0,30.0,20.0,1
"Broccoli, Cauliflower, & Carrots",2.0,0.0,5.0,2.0,30.0,30.0,1
Green Beans,2.0,0.0,6.0,2.0,30.0,0.0,1
Green Beans,1.0,0.0,6.0,2.0,30.0,0.0,1
Veg,1.0,0.0,6.0,2.0,30.0,29.0,1
Sliced Carrots,1.0,0.0,6.0,4.0,30.0,250.0,0
Sliced Carrots,1.0,0.0,6.0,4.0,30.0,250.0,0
Carrots,1.0,0.0,6.0,4.0,30.0,240.0,0
Seasoned Cabbage,1.0,0.0,7.0,4.0,30.0,460.0,1
Whole Carrots,1.0,0.0,7.0,5.0,30.0,60.0,0
Apple Slices,0.0,0.0,7.0,6.0,30.0,0.0,0
Apple Slices,0.0,0.0,7.0,6.0,30.0,0.0,1
Apple Butter,0.0,0.0,8.0,6.0,30.0,0.0,1
Apple Bites - Juicy Red Apple,0.0,0.0,8.0,6.0,30.0,0.0,1
Butter,0.0,0.0,8.0,6.0,30.0,0.0,2
Carrots,0.5604,0.1148,7.156,4.1028,30.3781,161.549,0
Apple Fritter,4.0,14.0,41.0,0.0,300.0,0.0,0
Apple Fritter,4.0,11.0,49.0,0.0,300.0,0.0,1
"Cheese, camembert",19.8,24.26,0.46,0.46,300.0,842.0,0
Jimmy Chips,2.0,8.0,17.0,1.0,300.0,100.0,2
Spaghetti,10.0,1.0,63.0,1.0,300.0,0.0,1
Sauvignon Blanc,0.2,0.0,1.1,1.1,300.0,0.0,2
Sponge Cake,3.0,20.0,35.0,13.0,300.0,0.0,1
Cinnamon Toast Waffles,5.0,11.0,46.0,17.0,300.0,480.0,1
Eggo Cinnamon Toast Waffles,5.0,11.0,46.0,17.0,300.0,480.0,1
Cinnamon Toast Waffles,5.0,11.0,46.0,17.0,300.0,480.0,1
Eggo Cinnamon Toast,5.0,11.0,46.0,17.0,300.0,480.0,1
Cake,3.0,16.0,37.0,27.0,300.0,320.0,1
Chocolate Chip Cake,4.0,15.0,39.0,27.0,300.0,260.0,1
Large Pepperoni Pizza,12.0,12.5,34.0,3.0,300.0,700.0,2
Pepperoni Pizza,12.0,12.5,34.0,3.0,300.0,700.0,2
Pepperoni Large,12.0,12.5,34.0,3.0,300.0,700.0,2
Spaghetti,11.0,1.5,61.0,3.0,300.0,5.0,1
Chocolate Cake,3.0,13.0,43.0,31.0,300.0,280.0,1
Lemon Mini Cake,3.0,13.0,43.0,31.0,300.0,230.0,1
Yogurt,8.0,12.0,44.0,32.0,300.0,100.0,0
Spaghetti,13.0,7.0,44.0,4.0,300.0,410.0,1
Waffles,12.0,10.0,20.0,4.0,300.0,0.0,1
Eggs,23.0,12.0,28.0,11.0,301.0,583.0,1
Insanity 2,34.0,8.0,22.0,6.0,301.0,221.0,1
Chocolate,3.4,17.4,32.0,0.0,302.0,0.0,2
Chips,4.2,14.6,41.8,0.4,308.0,0.03,2
"Beans, snap, yellow, raw",1.82,0.12,7.13,0.0,31.0,6.0,1
Broccoli,2.6,0.3,6.0,1.5,31.0,30.0,1
Broccoli - 2 Cups,2.57,0.34,6.04,1.55,31.0,30.0,1
Roasted Broccoli - Plain,4.0,0.3,6.0,2.0,31.0,30.0,1
"Squash, winter, spaghetti, raw",0.64,0.57,6.91,2.76,31.0,17.0,1
Spaghetti Squash,0.6,0.6,5.5,2.8,31.0,17.0,1
Spaghetti Winter,0.6,0.6,7.0,2.8,31.0,17.0,1
Whole Spaghetti Squash,0.6,0.6,7.0,2.8,31.0,17.0,1
Spaghetti,0.6,0.6,7.0,2.8,31.0,17.0,1
"Beans, snap, green, raw",1.83,0.22,6.97,3.26,31.0,6.0,1
Zucchini Slice,2.37,0.35,6.57,3.39,31.0,20.0,0
Green Zucchini,2.4,0.4,6.6,3.4,31.0,20.0,0
"Red, Raw",1.4,0.2,7.4,3.8,31.0,27.0,1
"Cabbage, red, raw",1.43,0.16,7.37,3.83,31.0,27.0,1
Sweetheart Cabbage *,1.8,0.2,4.4,4.4,31.0,100.0,1
Garlic Broccoli Rabe,2.2519,2.0348,2.3124,0.2807,31.5596,317.731,1
Cabbage Medley,1.8,0.4,4.1,4.0,31.8,12.0,1
Bread,0.0,4.0,62.0,0.0,310.0,315.0,1
Donuts,4.0,18.0,32.0,11.0,310.0,350.0,2
Spaghetti,11.0,1.5,66.0,3.0,310.0,0.0,1
Cake,2.0,14.0,38.0,33.0,310.0,130.0,1
Coffee,5.0,12.0,46.0,39.0,310.0,80.0,2
Wheat Pancakes,10.0,1.5,64.0,4.0,310.0,950.0,1
Hearty Wheat Pancakes,10.0,1.5,64.0,4.0,310.0,950.0,1
Asian Cabbage Chopped Salad,16.03,11.5091,39.7159,6.3412,310.29,433.582,1
Tofu Asian Cabbage Salad,16.03,11.5091,39.7159,6.3412,310.29,433.582,1
Monicas Stuffed Cabbage Rolls With Rice,28.0,58.0,36.7,0.0,315.0,583.0,1
Banana Pancakes,20.0,10.0,39.0,10.0,315.0,422.0,1
Spaghetti Bolognese,13.3181,5.2728,51.5581,6.2407,315.637,756.671,1
Red Wine,0.0,0.0,0.0,0.0,316.0,0.0,2
Eggs Benedict,18.8,15.5,26.1,2.3,316.8,809.2,1
Pepperoni Pizza,14.3,15.4,30.6,8.8,319.0,798.5,2
Stems,3.4,0.4,3.2,1.5,32.0,12.0,1
British White Cabbage,1.4,0.2,3.0,4.9,32.0,30.0,1
Root Beer (32oz),0.0,0.0,116.0,116.0,320.0,160.0,2
Waffles With Syrup,4.0,6.0,80.0,29.0,320.0,440.0,1
Pepperoni,11.0,15.0,34.0,3.0,320.0,760.0,2
Pepperoni Pizza Pocket,11.0,15.0,34.0,3.0,320.0,760.0,2
Yogurt,10.0,3.0,64.0,44.0,320.0,180.0,0
Pizza with Pepperoni,14.0,15.0,31.0,5.0,320.0,730.0,2
Baked Spaghetti - Serves 10,21.0,10.9,34.0,0.0,322.0,673.0,1
Sauteed Cabbage,1.52,0.641,3.8,0.0,33.0,358.67,1
"Broccoli raab, cooked",3.83,0.52,3.12,0.62,33.0,56.0,1
Cabbage,1.5,0.0,7.2,4.4,33.0,12.0,1
Zucchini - Medium (196 Grams),2.4,0.6,0.0,4.9,33.0,15.7,0
Whole Zucchini,2.5,0.6,5.6,4.9,33.0,16.0,0
Raw Zucchini,2.4,0.6,6.0,4.9,33.0,16.0,0
Zucchini Raw,2.4,0.6,6.0,4.9,33.0,16.0,0
Zucchini,2.4,0.6,6.1,4.9,33.3,16.0,0
Broccoli Cheddar Soup-Bowl,14.0,21.0,23.0,0.0,330.0,1390.0,1
Spaghetti Bolonese,15.0,1.0,67.0,0.0,330.0,0.0,1
Chicken & Broccoli Alfredo,26.0,20.0,9.0,1.0,330.0,1070.0,1
Chicken & Broccoli,26.0,20.0,9.0,1.0,330.0,1070.0,1
Chips,3.0,16.0,42.0,1.0,330.0,0.6,2
Pancakes,8.0,4.0,67.0,12.0,330.0,1170.0,1
Buttermilk Pancakes,8.0,4.0,67.0,12.0,330.0,1170.0,1
Pepperoni Pizza,16.0,15.0,31.0,2.0,330.0,770.0,2
Large Pepperoni,13.0,14.0,37.0,4.0,330.0,870.0,2
Large Pepperoni Pizza,13.0,14.0,37.0,4.0,330.0,870.0,2
Fried Zucchini,5.0,18.0,36.0,7.0,330.0,610.0,2
Fried Zucchini,6.0,18.0,36.0,7.0,330.0,610.0,2
Bottle,0.4,0.0,11.6,0.0,332.0,0.0,2
"Cheese, brie",20.75,27.68,0.45,0.45,334.0,629.0,0
Baked Beans,18.4,1.8,52.0,17.0,336.0,840.0,1
Celery Stick and Peanut Butter,14.4714,28.6312,12.1477,5.8791,339.086,288.729,0
Chicken Asian Cabbage Salad,28.5814,8.5876,37.584,6.3412,339.608,477.444,1
Sauted,2.8,0.4,7.0,0.4,34.0,41.0,1
Broccoli,2.82,0.37,6.64,1.7,34.0,33.0,0
Broccoli - Raw,2.82,0.37,6.64,1.7,34.0,33.0,1
Broccoli Steamed,2.8,0.3,7.0,1.7,34.0,33.0,1
"Cabbage, Cooked Generic",1.0,0.0,13.0,2.1,34.0,12.0,1
Cooked Cabbage Generic,3.2,0.0,14.0,7.0,34.0,20.0,1
Roasted Zucchini,1.0472,2.4572,2.7076,2.1548,34.0293,54.1015,0
Broccoli & Beef,17.0,7.0,52.0,10.0,340.0,1420.0,1
Apple Pecan Salad,19.0,18.0,28.0,21.0,340.0,1150.0,1
Primo Pepperoni Pizza,14.0,14.0,39.0,3.0,340.0,800.0,2
Wholewheat Spaghetti,12.7,2.0,63.9,4.0,340.0,0.0,1
Pepperoni Pizza,15.0,14.0,37.0,4.0,340.0,920.0,2
Thin Crust Pepperoni Pizza,17.0,16.0,33.0,5.0,340.0,800.0,2
Pepperoni Pizza,14.0,13.0,40.0,6.0,340.0,870.0,2
Bacon Cheeseburger,18.0,15.0,34.0,8.0,340.0,910.0,2
"Cheese, cream",5.93,34.24,4.07,3.21,342.0,365.0,0
Keto Pancakes,17.0,29.0,2.5,0.0,344.0,0.0,1
Potato Pancakes,8.8,13.4,48.0,4.21,345.0,491.0,1
Turkey Bacon,6.0,1.5,0.0,0.0,35.0,200.0,2
Croutons,1.0,1.5,4.0,0.0,35.0,95.0,1
Seasoned Croutons,1.0,1.5,4.0,0.0,35.0,95.0,1
Rice Cake,1.0,0.4,7.0,0.0,35.0,0.0,1
Bread,0.0,0.0,8.0,0.0,35.0,0.0,1
Popcorn Rice Cake,1.0,0.0,8.0,0.0,35.0,45.0,1
Rice Cake,1.0,0.4,7.0,0.1,35.0,15.0,1
Yogurt,4.0,0.0,5.0,4.0,35.0,50.0,0
Frozen Carrots,0.0,0.0,7.0,4.0,35.0,60.0,0
Carrots,1.0,0.0,8.0,4.0,35.0,60.0,0
Shredded Carrots,1.0,0.0,8.0,4.0,35.0,60.0,0
Baby Carrots,1.0,0.0,8.0,4.0,35.0,60.0,0
Mini Cut Carrots,1.0,0.0,8.0,4.0,35.0,60.0,0
"Carrots, baby, raw",0.64,0.13,8.24,4.76,35.0,78.0,0
Coffee with Creamer,0.0,1.5,5.0,5.0,35.0,30.0,2
Coffee Creamer,0.0,1.5,5.0,5.0,35.0,30.0,2
Hazelnut Coffee Creamer,0.0,1.5,5.0,5.0,35.0,30.0,2
French Vanilla Coffee Creamer,0.0,1.5,5.0,5.0,35.0,30.0,2
Coffee 1 Creamer,0.0,1.5,5.0,5.0,35.0,25.0,2
Petite Carrots,1.0,0.0,8.0,5.0,35.0,65.0,0
Matchstick Carrots,1.0,0.0,8.0,5.0,35.0,65.0,0
Carrots,1.0,0.0,8.0,5.0,35.0,65.0,0
Shredded,1.0,0.0,8.0,5.0,35.0,65.0,0
Vegetable,1.0,0.0,8.0,5.0,35.0,65.0,0
Mini,1.0,0.0,8.0,5.0,35.0,65.0,0
Carrots,1.0,0.0,8.0,5.0,35.0,65.0,0
Carrots,1.0,0.0,8.0,5.0,35.0,65.0,0
Sliced,0.0,0.0,8.0,5.0,35.0,0.0,0
Carrots,1.0,0.0,8.0,5.0,35.0,65.0,0
Veggie,1.0,0.0,8.0,5.0,35.0,65.0,0
Carrots,1.0,0.0,8.0,5.0,35.0,65.0,0
Carrots,1.0,0.0,8.0,5.0,35.0,65.0,0
Carrots,1.0,0.0,8.0,5.0,35.0,65.0,0
Carrots,1.0,0.0,8.0,5.0,35.0,65.0,0
Carrots,1.0,0.0,8.0,5.0,35.0,65.0,0
Carrots,1.0,0.0,8.0,5.0,35.0,65.0,0
Carrots,1.0,0.0,8.0,5.0,35.0,65.0,0
Baby-Cut,1.0,0.0,8.0,5.0,35.0,65.0,0
Baby Carrots,1.0,0.0,8.0,5.0,35.0,65.0,0
Carrots,1.0,0.0,8.0,5.0,35.0,65.0,0
Baby Carrots,1.0,0.0,8.0,5.0,35.0,65.0,0
Carrots,1.0,0.0,8.0,5.0,35.0,65.0,0
"Fresh, Raw, Baby",1.0,0.0,8.0,5.0,35.0,65.0,0
Carrots,1.0,0.0,8.0,5.0,35.0,65.0,0
Carrots,1.0,0.0,8.0,5.0,35.0,65.0,0
Peeled,1.0,0.0,8.0,5.0,35.0,65.0,0
Baby Cut Carrots,1.0,0.0,8.0,5.0,35.0,65.0,0
Organic Carrots,1.0,0.0,8.0,5.0,35.0,65.0,0
Baby Carrots,1.0,0.0,8.0,5.0,35.0,65.0,0
Carrots,1.0,0.0,8.0,5.0,35.0,65.0,0
Carrots,1.0,0.0,8.0,5.0,35.0,65.0,0
Baby Carrots,1.0,0.0,8.0,5.0,35.0,65.0,0
Petite Carrots,1.0,0.0,8.0,5.0,35.0,65.0,0
Matchstix Carrots,1.0,0.0,8.0,5.0,35.0,65.0,0
Baby Carrots,1.0,0.0,8.0,5.0,35.0,65.0,0
Carrots,1.0,0.0,8.0,5.0,35.0,65.0,0
Baby Carrots,1.0,0.0,8.0,5.0,35.0,65.0,0
Shredded Carrots,1.0,0.0,8.0,5.0,35.0,65.0,0
Baby Carrots Cut and Peeled,1.0,0.0,8.0,5.0,35.0,65.0,0
Shredded Carrots - Signature Farms,1.0,0.0,8.0,5.0,35.0,65.0,0
Baby Carrots 15,1.0,0.0,8.0,5.0,35.0,65.0,0
Raw Carrots,1.0,0.0,8.0,5.0,35.0,65.0,0
Petite Carrots,1.0,0.0,8.0,5.0,35.0,65.0,0
10 Baby Carrots,1.0,0.0,8.0,5.0,35.0,65.0,0
Baby Carrots 3 Oz,1.0,0.0,8.0,5.0,35.0,65.0,0
Organic Baby Carrots,1.0,0.0,8.0,5.0,35.0,65.0,0
Baby Carrots,1.0,0.0,8.0,5.0,35.0,65.0,0
Shredded Carrots,1.0,0.0,8.0,5.0,35.0,65.0,0
carrots,1.0,0.0,8.0,5.0,35.0,65.0,0
Baby Carrots,1.0,0.0,8.0,5.0,35.0,65.0,0
Baby Carrots,1.0,0.0,8.0,5.0,35.0,65.0,0
Baby Carrots,1.0,0.0,8.0,5.0,35.0,65.0,0
Baby Cut Carrots,1.0,0.0,8.0,5.0,35.0,65.0,0
Apple Slices,0.0,0.0,9.0,7.0,35.0,0.0,2
Bacon Breakfast Sandwich,17.0,18.0,30.0,0.0,350.0,820.0,2
Bacon Gouda,17.0,18.0,30.0,1.0,350.0,820.0,2
Pepperoni Pizza,12.0,17.0,37.0,3.0,350.0,450.0,2
Pepperoni,9.0,17.0,40.0,3.0,350.0,830.0,2
Pepperoni Pizza,15.0,15.0,37.0,3.0,350.0,600.0,2
Spaghetti 5 (Integrali),13.0,2.5,65.7,3.5,350.0,13.0,1
With Icing,2.0,18.0,44.0,31.0,350.0,250.0,1
Lava Cake,4.0,17.0,47.0,31.0,350.0,170.0,1
"Cheese, provolone",25.58,26.62,2.14,0.56,351.0,876.0,0
Spaghetti & Meat Sauce,18.2,11.5,42.7,6.31,351.0,606.0,1
My Waffles,4.0,21.0,58.0,0.0,352.0,0.0,1
Spaghetti,13.0,1.5,72.2,3.5,352.0,860.0,1
Cheese - Gouda,24.94,27.44,2.22,2.22,356.0,819.0,0
Chocolate Cake,3.88,19.0,42.5,30.75,356.0,410.94,1
"Cheese, edam",24.99,27.8,1.43,1.43,357.0,812.0,0
Spaghetti,13.0,1.5,71.8,0.0,358.0,0.0,1
Protein Pancakes,38.4,3.9,39.2,10.9,358.0,324.0,1
Spaghetti.,12.0,1.3,73.0,2.8,358.0,0.01,1
Spaghetti,12.0,1.3,73.0,2.8,358.0,0.0,1
Roasted Celery,0.0,0.0,0.0,0.0,36.0,0.0,0
Oat Cake,0.8,1.7,4.3,0.1,36.0,0.05,1
"Carrots, frozen, unprepared",0.78,0.46,7.9,4.76,36.0,68.0,0
Fresh Green Beans,1.2859,1.608,5.3615,1.0546,36.3441,30.1805,1
Chips,4.0,19.0,44.0,0.0,360.0,180.0,2
Banana Pound Cake,4.0,18.0,47.0,24.0,360.0,380.0,1
Apple Pie,3.0,10.0,64.0,25.0,360.0,490.0,1
Pepperoni Pizza,12.0,19.0,36.0,4.0,360.0,720.0,2
Pepperoni Pizza,18.0,16.0,38.0,4.0,360.0,730.0,2
Pepperoni Pizza,16.0,16.0,37.0,5.0,360.0,850.0,2
Spaghetti,16.0,16.0,38.0,6.0,360.0,480.0,1
Pepperoni Pizza,14.0,13.0,47.0,7.0,360.0,920.0,2
Spaghetti,12.0,0.7,77.0,0.0,362.0,0.0,1
Casserole,33.7,11.1,30.5,2.9,363.0,467.0,1
Zucchini Sticks,4.0,28.0,26.0,0.0,366.0,265.0,0
"Cake - Chocolate, with chocolate frosting",4.1,16.4,54.6,0.0,367.0,334.0,2
"Cheese, muenster",23.41,30.04,1.12,1.12,368.0,628.0,0
Spaghetti,12.0,1.5,75.0,3.0,368.0,0.0,1
Cheese - Roquefort,21.54,30.64,2.0,0.0,369.0,1809.0,0
Zucchini Pancakes,4.0,3.0,17.0,0.0,37.0,0.0,0
Zucchini,2.0,1.0,5.0,2.5,37.0,0.0,0
Pepperoni,16.0,19.0,33.0,2.0,370.0,840.0,2
Pizza Hut,16.0,20.0,36.0,3.0,370.0,910.0,2
Cake,0.0,11.87,66.9,53.06,370.0,323.0,1
"Cheese, brick",23.24,29.68,2.79,0.51,371.0,560.0,0
Pancakes and nutella,5.58,11.7,59.76,34.4,371.1,291.0,1
"Cheese, monterey",24.48,30.28,0.68,0.5,373.0,600.0,0
"Crackers - Melba toast, wheat",12.9,2.3,76.4,0.0,374.0,837.0,1
Zucchini Bread,5.5,18.0,47.0,22.0,374.0,285.0,0
Bacon Omelet,17.3,30.7,7.1,2.81,377.0,505.0,2
Pepperoni Pizza,19.482,13.707,43.926,3.545,377.957,977.279,2
Cooked Red Cabbage,1.1,1.9,5.3,2.5,38.0,195.0,1
Fresh Steamed Broccoli,3.1978,0.4196,7.5296,1.9278,38.5554,37.4214,1
"Cheese, swiss",26.93,27.8,5.38,1.32,380.0,70.0,0
16'' Pepperoni Pizza,15.0,20.0,34.0,4.0,380.0,900.0,2
Hot Chocolate,10.0,18.0,51.0,41.0,380.0,160.0,2
White Chocolate Hot Chocolate,2.0,14.0,63.0,52.0,380.0,370.0,2
Pepperoni Pizza,20.0,9.0,55.0,7.0,380.0,680.0,2
Turkey bacon - Cooked,29.6,27.9,3.1,0.0,382.0,2285.0,2
Chicken and Waffles,28.9,20.8,17.3,3.2,382.0,587.5,1
Chocolate Cheesecake,7.5,26.7,31.8,24.45,384.0,272.0,2
Cheese - Cheshire,23.37,30.6,4.78,0.0,387.0,700.0,0
"Cheese, romano",31.8,26.94,3.63,0.73,387.0,1433.0,0
"Cheese, fontina",25.6,31.14,1.55,1.55,389.0,800.0,0
"Crackers, melba toast, plain",12.1,3.2,76.6,0.94,390.0,598.0,1
Jr Bacon,20.0,22.0,26.0,5.0,390.0,870.0,2
Junior Bacon Cheeseburger,20.0,22.0,26.0,5.0,390.0,870.0,2
Frozen Yogurt,16.0,0.0,82.0,53.0,390.0,290.0,0
"Spices, celery seed",18.07,25.27,41.35,0.67,392.0,160.0,0
"Cheese, colby",23.76,32.11,2.57,0.52,394.0,604.0,0
Chips,6.15,16.05,57.2,0.0,398.0,0.0,2
Celery (1/4 Cup Chopped),0.17,0.04,0.75,0.45,4.0,20.0,0
Celery,0.28,0.07,1.19,0.76,4.0,32.0,0
Roasted Broccoli,2.0,2.5,4.0,0.0,40.0,170.0,1
Turkey Pepperoni,5.0,2.0,0.0,0.0,40.0,360.0,2
Turkey Bacon,6.0,1.5,1.0,0.0,40.0,200.0,2
Turkey Bacon,6.0,1.5,1.0,0.0,40.0,200.0,2
Rice Cake,1.0,0.5,8.0,0.0,40.0,10.0,1
Roasted Grean Beans,2.1,0.0,8.1,0.0,40.0,7.0,1
Broccoli,3.0,0.0,8.0,2.0,40.0,45.0,1
Chocolate Fudge Hot Chocolate,1.8,1.4,5.4,3.7,40.0,130.0,2
Chocolate,0.0,0.0,10.0,9.0,40.0,70.0,1
Pancakes,0.0,0.0,0.0,0.0,400.0,0.0,1
Beef and Broccoli,22.0,20.0,30.0,10.0,400.0,980.0,1
Chili no Beans,19.0,29.0,18.0,2.0,400.0,990.0,1
Donuts,4.0,24.0,44.0,24.0,400.0,430.0,2
Cheese Cake (General),7.0,29.0,29.0,25.0,400.0,210.0,1
"Crackers, rusk toast",13.5,7.2,72.3,0.0,407.0,253.0,1
"Bread, cheese",10.42,20.83,44.83,2.08,408.0,750.0,0
"Bread, cheese",10.42,20.83,44.83,2.08,408.0,750.0,1
Chips,7.8,21.8,43.0,1.7,409.0,571.0,2
Carrots,0.88,2.33,4.13,0.0,41.0,250.0,0
Broccoli - Cooked Steamed,3.4,0.0,1.0,0.0,41.0,0.0,1
"Carbonated beverage, root beer",0.0,0.0,10.6,10.6,41.0,13.0,2
"Carrots, Raw",0.9,0.2,10.0,4.7,41.0,69.0,0
Carrots,0.9,0.2,10.0,4.7,41.0,69.0,0
Chopped,0.9,0.2,9.6,4.7,41.0,69.0,0
Carrots,0.93,0.24,9.58,4.74,41.0,69.0,0
"Carrots, raw",0.93,0.24,9.58,4.74,41.0,69.0,0
SautéEd Zucchini,0.8619,3.4949,2.2966,1.7272,41.2825,147.113,0
Chocolat Cake,5.0,25.0,45.0,0.0,410.0,420.0,2
Cake,5.0,20.0,56.0,0.0,410.0,340.0,1
"Cheese, gruyere",29.81,32.34,0.36,0.36,413.0,714.0,0
Chips,4.4,16.6,58.8,1.1,414.0,0.6,2
"Croissants, cheese",9.2,20.9,47.0,11.35,414.0,361.0,0
Spaghetti Bolognese,33.9,6.4,53.1,6.8,415.0,0.56,1
Bacon,3.0,3.0,0.0,0.0,42.0,192.0,2
Beer,0.0,0.0,3.2,0.0,42.0,0.0,2
Chocolate Square,0.4,2.6,4.8,3.8,42.0,0.0,2
Celery Stalk Juice,2.0,0.0,9.0,6.0,42.0,215.0,0
Apple Fritter,5.0,20.0,59.0,27.0,420.0,360.0,1
Carrot Cake Bar,4.0,25.0,46.0,35.0,420.0,440.0,1
Spaghetti & Meatballs,23.0,13.0,52.0,4.0,420.0,770.0,1
Bacon Cheeseburger,22.0,24.0,29.0,5.0,420.0,760.0,2
French Toast,32.0,25.0,27.0,11.0,425.0,1185.0,1
Bacon,5.0,7.0,3.34,0.0,43.0,270.0,2
Beer,2.5,0.0,14.0,0.0,43.0,0.0,2
"Alcoholic beverage, beer, regular, all",0.46,0.0,3.55,0.0,43.0,4.0,2
Waffles,1.1,0.9,7.5,1.2,43.0,116.0,1
Cabbage,1.7,1.4,6.0,3.7,43.0,20.0,1
Cabbage and Carrot Slaw,1.0639,0.3801,9.8159,6.3177,43.9524,222.113,1
Buttermilk Pancakes,12.0,17.0,57.0,12.0,430.0,1390.0,1
Cabbage Soup,5.0,23.0,44.0,35.0,430.0,190.0,1
Broccoli Cheddar Bowl,16.0,20.0,44.0,5.0,430.0,640.0,1
Cheese Cake,8.0,31.0,33.0,24.0,440.0,370.0,1
Butter,0.0,5.0,0.0,0.0,45.0,90.0,0
Bacon,3.0,3.5,0.0,0.0,45.0,190.0,2
Beer,0.34,0.0,2.5,0.0,45.0,0.0,2
Turkey Bacon,6.0,1.5,1.0,1.0,45.0,330.0,2
Fresh Vegetables - Broccoli,5.0,0.0,8.0,3.0,45.0,55.0,1
Caramel Waffles,3.0,21.0,62.0,35.0,452.0,0.58,1
Steamed Carrots,2.0,0.27,17.0,0.0,46.0,120.0,0
Jaffa Cake,0.6,1.0,8.6,6.4,46.0,0.0,1
Biscuit,0.6,1.0,8.6,6.4,46.0,0.0,1
Eggs Benedict,20.0,29.0,29.0,4.0,460.0,1120.0,1
Bacon Mcdouble,28.0,24.0,34.0,7.0,460.0,1120.0,2
Pepperoni Pizza,18.2,20.8,49.7,2.4,462.0,0.9,2
"Pepperoni - Pork, beef",20.35,40.28,4.04,0.75,466.0,1788.0,2
Eggs Hotel,3.0,3.0,1.0,0.0,47.0,15.0,1
Roasted Carrots,0.9,1.4,8.3,0.12,47.0,51.0,0
"Sauteed Zucchini, Onions",2.0,2.0,6.0,2.0,47.0,12.0,0
Zucchini Fritter,13.4,16.8,20.0,0.0,470.0,387.0,0
Buttermilk Pancakes (3),13.0,15.0,69.0,13.0,470.0,1590.0,1
Korean Beer,0.0,0.0,0.0,0.0,473.2,0.0,2
"Bacon bits, meatless",32.0,25.9,28.6,0.0,476.0,1770.0,1
Spaghetti & Meatballs,31.2,16.8,48.9,0.0,476.0,621.0,1
Spaghetti Carbonara,22.6,10.0,74.4,3.7,479.0,0.6,1
Boiled_steam Cabbage,0.3,0.1,1.4,0.8,48.0,8.0,1
Fried Cabbage,0.9,3.2,4.9,2.93,48.0,221.0,1
"Sauce - Spaghetti, meatless, canned",1.2,0.9,8.7,4.7,48.0,590.0,1
"Burrito, Bacon Breakfast",25.0,26.0,39.0,1.0,480.0,1560.0,2
Pepperoni Pretzel,15.0,16.0,65.0,10.0,480.0,860.0,2
Pepperoni Pizza,24.0,21.0,50.0,5.0,481.0,1284.0,2
Short Stack Pancakes,13.0,18.0,69.0,13.0,490.0,1610.0,1
Spaghetti Allo Scoglio,11.0,6.0,31.0,0.0,499.0,0.0,1
Squash & Zucchini,0.5,0.5,1.0,0.0,5.0,0.0,1
Black Coffee,0.0,0.0,0.0,0.0,5.0,0.0,2
Vinegar Wine Red,0.01,0.0,0.08,0.0,5.0,2.0,2
Celery - Sauteed,0.0,0.0,1.0,0.0,5.0,0.0,0
Celery Stalk,0.24,0.05,1.13,0.67,5.0,26.0,0
Zucchini,0.4,0.1,0.9,0.7,5.0,2.4,0
Celery,0.24,0.05,1.18,0.7,5.0,27.0,0
Celery Stick,0.0,0.0,1.0,1.0,5.0,26.0,0
Roasted Zucchini,1.4,0.0,1.0,1.0,5.0,0.0,1
Cabbage,0.32,0.03,1.25,0.0,5.35,4.0,1
Cabbage Soup,1.5,5.2,8.6,0.0,50.0,0.0,1
Provolone Cheese,4.0,4.0,0.0,0.0,50.0,125.0,1
Bacon,4.0,3.5,0.0,0.0,50.0,160.0,2
Baby Bell Light Cheese,6.0,3.0,0.0,0.0,50.0,160.0,0
pickled eggs,5.0,3.0,0.0,0.0,50.0,70.0,1
Turkey Bacon,5.0,3.0,1.0,0.0,50.0,200.0,2
Lean Turkey Pepperoni,6.0,3.0,1.0,0.0,50.0,290.0,2
Turkey Pepperoni Stick,6.0,3.0,1.0,0.0,50.0,290.0,2
Red Wine Vinaigrette,0.0,3.0,6.0,0.0,50.0,270.0,2
Cheese Heads Light String Cheese,7.0,2.5,1.0,0.0,50.0,200.0,0
Turkey Pepperoni,7.0,2.5,1.0,0.0,50.0,220.0,2
Kaya Toast,1.0,1.5,8.0,0.0,50.0,0.0,1
Broccoli,3.0,0.5,10.0,0.0,50.0,370.0,1
Cream Cheese,1.0,4.5,2.0,1.0,50.0,95.0,0
Broccoli Soup,2.0,1.0,11.0,1.0,50.0,300.0,1
Raw Chips - Kale,2.0,1.0,9.0,1.0,50.0,85.0,2
Apple Slices,0.0,0.0,13.0,10.0,50.0,0.0,1
Apple,0.0,0.0,13.0,11.0,50.0,0.0,0
Apple Sauce,0.0,0.0,13.0,11.0,50.0,0.0,0
Zucchini & Tomato,1.0,5.0,3.0,2.0,50.0,250.0,0
Jalapeno Yogurt Dip,2.0,3.5,4.0,2.0,50.0,150.0,0
Yogurt Dip,2.0,3.5,4.0,2.0,50.0,150.0,0
Broccoli,5.0,2.0,8.0,3.0,50.0,50.0,1
Broccoli & Carrots,2.0,1.5,8.0,3.0,50.0,300.0,0
Broccoli & Carrots,2.0,1.5,8.0,3.0,50.0,300.0,1
Carmel Rice Cake,1.0,0.0,11.0,3.0,50.0,30.0,1
Rice Cake,1.0,0.0,11.0,3.0,50.0,30.0,1
Apple Rice Cake,1.0,0.0,11.0,3.0,50.0,0.0,1
Chocolate,1.0,3.0,6.0,5.0,50.0,5.0,2
Yogurt,2.0,1.5,8.0,7.0,50.0,30.0,2
Apple Sauce,0.0,0.0,13.0,9.0,50.0,25.0,1
French Toast Sticks,7.0,31.0,49.0,9.0,500.0,490.0,2
Mini Savoury Eggs,3.0,2.3,4.2,0.2,51.0,0.1,1
Bread,19.0,5.0,96.0,0.0,510.0,590.0,1
Snacks - Banana chips,2.3,33.6,58.4,35.34,519.0,6.0,2
Apple,0.4,0.2,13.8,0.0,52.0,0.0,0
1 Apple,0.3,0.2,14.0,0.0,52.0,1.0,0
"Eggs - White only, raw",10.9,0.17,0.73,0.71,52.0,166.0,1
Apple,0.26,0.17,13.81,10.39,52.0,1.0,0
1 Normal Apple,0.0,0.0,25.0,19.0,52.0,2.0,0
"Carrots, Julienne, Net Carbs",1.2,0.0,8.0,6.0,52.0,88.0,0
Jaffa Cake,0.0,1.3,9.5,7.7,52.0,0.0,2
Carrots,1.2,0.03,12.3,6.1,52.5,88.3,0
Root Beer Float,7.0,23.0,75.0,0.0,520.0,0.0,2
Spaghetti Bolognese,23.7,17.0,68.2,6.7,527.0,1.15,1
"Peas and carrots - Frozen, unprepared",3.4,0.47,11.15,0.0,53.0,79.0,0
Shredded Carrots,1.2,0.03,12.0,6.0,53.0,88.0,0
Steamed Cabbage,1.5,3.0,6.7,1.7,54.0,138.0,1
Bacon Breakfast Pizza,26.4,25.8,48.6,0.0,549.0,980.5,2
Chocolate Cake,5.0,25.0,76.0,58.0,550.0,130.0,1
Salami Toast,30.2,22.3,51.7,0.0,553.0,0.0,1
Spaghetti,10.0,25.0,72.0,0.0,560.0,1130.0,1
Chinese,0.0,0.0,0.0,0.0,560.0,0.0,1
Chips,7.0,26.0,75.0,2.0,560.0,220.0,2
Chips,8.0,27.0,73.0,4.0,570.0,420.0,2
Chicken Bacon,35.0,28.0,47.0,8.0,570.0,1050.0,2
Spaghetti Bol,0.0,0.0,0.0,0.0,583.0,0.0,1
Tempura Zucchini,1.2,3.8,5.7,0.99,59.0,14.0,0
Spaghetti Squash,0.6723,3.4672,7.9901,3.25,59.6572,14.8414,1
Spaghetti Squash,0.6723,3.4672,7.9901,3.25,59.6572,14.8414,1
Tortilla Chips,8.0,27.0,74.0,0.0,590.0,60.0,2
Pepperoni Pizza,29.0,30.0,50.0,5.0,590.0,1490.0,2
Red Wine,0.0,0.0,18.0,8.0,595.0,0.0,2
Celery,0.3,0.0,1.0,0.0,6.0,32.0,0
"Zucchini, Green",1.0,0.0,1.0,0.0,6.0,1.0,1
Celery Stock,0.0,0.0,1.2,0.0,6.0,0.0,0
Celery Net Carbs,0.3,0.1,0.6,0.7,6.0,32.0,0
Celery Net Carb,0.3,0.1,0.6,0.7,6.0,32.0,0
Celery / Carrot Sticks,0.3,0.1,1.2,0.7,6.0,32.0,0
Celery- 4 Ribs,0.3,0.1,1.2,0.7,6.0,32.0,0
Celery - Net Carbs,0.3,0.0,0.6,0.7,6.0,32.0,0
Steamed,0.0,0.0,2.0,1.0,6.0,2.0,1
Cheese,1.5,6.0,0.0,0.0,60.0,105.0,0
Bacon,1.0,6.0,1.0,0.0,60.0,115.0,2
Provolone Cheese Slice,5.0,5.0,0.0,0.0,60.0,150.0,0
Bacon,4.0,5.0,0.0,0.0,60.0,290.0,2
Bacon,4.0,5.0,0.0,0.0,60.0,290.0,2
Thick Cut Bacon,4.0,5.0,0.0,0.0,60.0,180.0,2
Thick Cut Bacon,3.0,5.0,0.0,0.0,60.0,220.0,2
Bacon,4.0,4.5,0.0,0.0,60.0,230.0,2
Bacon,5.0,4.5,0.0,0.0,60.0,400.0,2
Beef Bacon,6.0,4.5,0.0,0.0,60.0,230.0,2
Bacon Crispy Strips,2.0,4.5,0.0,0.0,60.0,230.0,2
Veggie Bacon,2.0,4.5,2.0,0.0,60.0,230.0,1
Mozzarella Cheese Slice,6.0,4.0,0.0,0.0,60.0,120.0,0
Cheese String (Marble),6.0,4.0,0.0,0.0,60.0,140.0,0
Eggs,6.0,4.0,0.0,0.0,60.0,60.0,1
Eggs,6.0,4.0,1.0,0.0,60.0,70.0,1
Chicken Bacon,6.0,4.0,1.0,0.0,60.0,330.0,2
Mocha,1.0,2.0,11.0,0.0,60.0,0.0,2
Bread,5.0,1.0,7.0,0.0,60.0,130.0,1
Bread,2.0,0.5,13.0,0.0,60.0,140.0,1
"Rice Cake, Brown",1.0,0.5,14.0,0.0,60.0,35.0,1
Wild Rice Cake,1.0,0.5,14.0,0.0,60.0,35.0,1
Brown Rice Cake,1.0,0.5,14.0,0.0,60.0,0.0,1
Melba Toast Classic,2.0,0.0,13.0,0.0,60.0,125.0,1
Apple Sauce,0.0,0.0,15.0,0.0,60.0,0.0,0
Cheese,3.0,4.5,2.0,1.0,60.0,250.0,0
Canadian Bacon,11.0,1.5,1.0,1.0,60.0,460.0,2
Canadian Bacon Sliced,10.0,1.5,1.0,1.0,60.0,460.0,2
Creamy Broccoli Soup,2.0,1.5,11.0,1.0,60.0,440.0,1
Toast,2.0,1.5,11.0,1.0,60.0,55.0,1
Bread,3.0,0.0,11.0,1.0,60.0,140.0,1
Chocolate,1.0,0.5,14.0,13.0,60.0,30.0,2
Apple Juice,0.0,0.0,14.0,13.0,60.0,15.0,0
Zucchini Saute,1.0,4.0,4.0,2.0,60.0,135.0,0
Cheese,5.0,3.0,3.0,2.0,60.0,390.0,0
Canadian Bacon,10.0,1.5,2.0,2.0,60.0,700.0,2
Canadian Bacon,11.0,1.5,2.0,2.0,60.0,480.0,2
Bread,3.0,0.0,12.0,2.0,60.0,75.0,1
Mousse,5.0,2.0,6.0,3.0,60.0,35.0,2
Yogurt,8.0,1.5,4.0,3.0,60.0,100.0,0
Choc Rice Cake,1.0,1.0,12.0,4.0,60.0,40.0,1
Peas and Carrots,3.0,0.0,13.0,4.0,60.0,300.0,0
Cake Pop,1.0,3.0,9.0,5.0,60.0,0.0,1
Spaghetti Sauce,2.0,1.0,10.0,5.0,60.0,380.0,1
Spaghetti Sauce Traditional,1.0,1.0,11.0,5.0,60.0,560.0,1
Yogurt,3.0,2.0,7.0,7.0,60.0,0.0,2
Baby Carrots 170g,1.0,0.2,13.6,8.2,60.0,132.6,2
Double Blueberry Pancakes,16.0,15.0,102.0,36.0,600.0,1810.0,1
Chicken Bacon Swiss,36.0,29.0,49.0,9.0,600.0,1430.0,2
White Wine - Bottle,0.0,0.0,20.0,5.0,605.0,35.0,2
"Breaded, Baked Zucchini Slices",3.8,1.9,7.6,0.0,61.0,231.0,1
Stirfry Cabbage,1.73,2.36,9.77,0.0,62.0,156.0,1
Green Beans,2.0,2.0,9.0,3.0,62.0,580.0,1
Broccoli - Steamed,5.2,0.6,12.0,3.0,62.0,40.0,1
Pepperoni Pizza,34.0,24.0,68.0,7.0,620.0,1290.0,2
Red Wine,0.0,0.0,19.0,4.5,625.0,30.0,2
Braised Cabbage and Onions,2.1,2.6,9.0,0.0,63.0,167.0,1
Bread,2.7,0.3,11.8,0.6,63.0,0.0,1
Zucchini Cakes,3.6,2.1,7.6,1.1,63.0,0.0,0
"Bacon, Egg & Cheese Bagel",30.0,32.0,57.0,7.0,630.0,1490.0,2
Spaghetti Bolognese,28.3,27.7,63.9,9.5,631.0,800.0,2
Pumpkin Spice Pancakes,3.5,1.3,9.5,0.0,64.0,0.0,1
Vollkorn Toast,2.2,1.1,10.5,0.0,64.0,0.0,1
Toast,2.2,1.1,10.5,0.0,64.0,0.0,1
Vollkorn Toast 2,2.2,1.1,10.5,0.8,64.0,0.0,1
Vollkorn Toast 2,2.2,1.1,10.5,0.8,64.0,120.0,1
Vollkorntoast,2.2,1.1,10.5,0.8,64.0,0.0,1
Viennese Chocolate,0.7,3.5,7.4,4.0,64.0,0.0,2
Bacon- Thick Cut,5.0,4.0,1.0,0.0,65.0,240.0,2
Cabbage,0.0,4.0,5.0,0.0,65.0,0.0,1
Brown Toast,2.5,0.5,13.6,0.0,65.0,0.0,1
Poached Eggs,5.4,4.4,0.6,0.27,65.0,150.0,1
Apple,0.3,0.2,17.0,13.0,65.0,1.0,0
Celery Soup - Celery + Stock Cube Only,3.0,2.3,8.0,4.1,65.0,363.7,0
Blueberry Banana Pancakes,2.8,1.5,11.0,5.7,65.0,0.0,1
Celery Juice,2.8,0.7,12.0,6.5,65.0,323.2,0
Fruit,0.8,0.24,16.67,8.93,65.0,1.0,2
Carrot Cake,8.0,26.0,98.0,62.0,650.0,670.0,1
Saver Eggs,5.5,4.9,0.0,0.0,66.0,0.0,1
Toast,2.1,1.0,12.0,0.0,66.0,0.0,1
White Wine,0.0,0.0,0.6,0.6,66.0,12.7,2
Butter Toast,2.1,1.0,12.0,0.9,66.0,0.0,1
Toastbrot,2.1,1.0,12.0,0.9,66.0,0.0,1
Cabbage,1.0,5.0,6.0,4.0,66.0,314.0,1
Pancakes,1.6,1.7,10.9,4.5,66.0,0.0,1
Fried Cabbage,2.9,1.7,11.8,6.6,66.0,449.0,1
Carrot and Celery Sticks,1.5415,0.6074,14.6269,6.5063,66.1709,241.324,0
Spaghetti Carbonara,26.0,36.0,56.8,4.4,660.0,1.32,1
Pancakes & Sausage with Syrup,18.0,18.0,104.0,51.0,665.0,2.3,1
Pepperoni Calzone,32.176,24.7,79.576,9.314,668.945,1543.99,2
Wheat Toast,2.3,1.1,12.2,1.76,67.0,137.0,1
"Garlic Roasted Broccoli, Cauliflower",1.7473,5.2981,4.4655,1.2899,67.2426,96.2864,1
Cabbage Soup,2.7,0.0,15.1,8.1,67.5,277.4,0
Roasted Carrots,1.045,2.509,11.166,4.626,67.6,184.63,0
Apple,0.3396,0.2221,18.0406,13.5729,67.93,1.3063,1
Crumb Cake,8.0,32.0,89.0,44.0,670.0,360.0,1
"Wine - Table, white",0.1,0.0,0.8,0.0,68.0,5.0,2
Raisin Toast,2.0,1.1,13.0,1.61,68.0,97.0,1
Zucchini Muffin,3.0,2.0,10.0,0.0,69.0,160.0,0
Sweet Carrots,0.0,0.0,0.0,0.0,69.0,0.0,0
Oven Roasted Cabbage,0.41,0.03,1.58,1.01,7.0,5.0,1
Celery,0.5,0.2,0.9,1.8,7.0,0.8,0
Cheese,5.0,6.0,0.0,0.0,70.0,170.0,0
Sargento Cheese - Colby-Jack Slice,4.0,6.0,0.0,0.0,70.0,125.0,0
Bacon,5.0,6.0,0.0,0.0,70.0,290.0,2
Bacon,5.0,6.0,0.0,0.0,70.0,290.0,2
Bacon,3.0,6.0,0.0,0.0,70.0,140.0,2
Bacon,5.0,6.0,0.0,0.0,70.0,290.0,2
Bacon,5.0,6.0,0.0,0.0,70.0,250.0,2
Bacon,4.0,6.0,0.0,0.0,70.0,260.0,2
Bacon Style Turkey,4.0,6.0,1.0,0.0,70.0,300.0,2
Baby Swiss Cheese,5.0,5.0,0.0,0.0,70.0,35.0,0
Eggs,6.0,5.0,0.0,0.0,70.0,70.0,1
Eggs,6.0,5.0,0.0,0.0,70.0,70.0,1
Eggs,6.0,5.0,0.0,0.0,70.0,70.0,1
Cooked,6.0,5.0,0.0,0.0,70.0,0.0,1
Eggs,6.0,5.0,0.0,0.0,70.0,70.0,1
Eggs,6.0,5.0,0.0,0.0,70.0,0.0,1
Scrambled Eggs,6.0,5.0,0.0,0.0,70.0,70.0,1
Eggs,6.0,5.0,0.0,0.0,70.0,70.0,1
Eggs,6.0,5.0,0.0,0.0,70.0,70.0,1
Scrambled Eggs,6.0,5.0,0.0,0.0,70.0,70.0,1
Organic Eggs,6.0,5.0,0.0,0.0,70.0,70.0,1
Scrambled Eggs,6.0,5.0,0.0,0.0,70.0,70.0,1
Pasture Raised Eggs,6.0,5.0,0.0,0.0,70.0,70.0,1
Brown Eggs,6.0,5.0,0.0,0.0,70.0,70.0,1
Large Eggs,6.0,5.0,0.0,0.0,70.0,70.0,1
Bacon,5.0,5.0,0.0,0.0,70.0,270.0,2
Eggs,6.0,5.0,0.5,0.0,70.0,65.0,1
String Cheese,5.0,5.0,1.0,0.0,70.0,170.0,1
String Cheese,6.0,5.0,1.0,0.0,70.0,170.0,1
Eggs,6.0,5.0,1.0,0.0,70.0,70.0,1
Raw,6.0,5.0,1.0,0.0,70.0,0.0,1
Eggs,6.0,5.0,1.0,0.0,70.0,70.0,1
Eggs,6.0,5.0,1.0,0.0,70.0,70.0,1
Eggs,6.0,5.0,1.0,0.0,70.0,70.0,1
Eggs,6.0,5.0,1.0,0.0,70.0,70.0,1
Boiled Egg,6.0,5.0,1.0,0.0,70.0,65.0,1
Eggs,6.0,5.0,1.0,0.0,70.0,70.0,1
Egg,6.0,5.0,1.0,0.0,70.0,70.0,1
Eggs,6.0,5.0,1.0,0.0,70.0,70.0,1
Eggs,6.0,5.0,1.0,0.0,70.0,70.0,1
Eggs,6.0,5.0,1.0,0.0,70.0,70.0,1
Eggs,6.0,5.0,1.0,0.0,70.0,70.0,1
Organic Eggs,6.0,5.0,1.0,0.0,70.0,70.0,1
Egg,6.0,5.0,1.0,0.0,70.0,65.0,1
Large Eggs,6.0,5.0,1.0,0.0,70.0,70.0,1
Large Eggs,6.0,5.0,1.0,0.0,70.0,65.0,1
Bacon,5.0,5.0,1.0,0.0,70.0,230.0,2
Eggs,6.0,4.5,0.0,0.0,70.0,70.0,1
Eggs,6.0,4.5,1.0,0.0,70.0,70.0,1
Brown Eggs,6.0,4.5,1.0,0.0,70.0,65.0,1
Fresh White Eggs,6.0,4.5,1.0,0.0,70.0,70.0,1
Scrambled Eggs,6.0,4.5,1.0,0.0,70.0,65.0,1
Large Eggs,6.0,4.5,1.0,0.0,70.0,65.0,1
Eggs,6.0,4.5,1.0,0.0,70.0,65.0,1
Scrambled Eggs,6.0,4.5,1.0,0.0,70.0,65.0,1
Turkey Pepperoni,9.0,4.0,0.0,0.0,70.0,640.0,2
Turkey Pepperoni Slices,9.0,4.0,0.0,0.0,70.0,640.0,2
Eggs,6.0,4.0,1.0,0.0,70.0,65.0,1
Eggs,6.0,4.0,1.0,0.0,70.0,55.0,1
Turkey Pepperoni,9.0,4.0,1.0,0.0,70.0,380.0,2
Turkey Pepperoni,9.0,4.0,1.0,0.0,70.0,380.0,2
Skillet Fried Cabbage,1.5,4.0,7.0,0.0,70.0,0.0,1
Pepperoni,10.0,3.5,1.0,0.0,70.0,420.0,2
Zucchini Pancakes,2.0,3.0,8.0,0.0,70.0,170.0,0
Cabbage With Onion N Tomato,2.5,2.0,12.0,0.0,70.0,90.0,1
Dark Rye Bread,2.0,1.0,13.0,0.0,70.0,0.0,1
White Wine,0.0,0.0,1.0,0.0,70.0,5.0,2
Baby Carrots-Raw,2.0,0.0,16.0,0.0,70.0,0.0,0
12 Apple Slices Sams,0.0,0.0,19.0,0.0,70.0,0.0,1
With Hummus,2.0,0.0,6.0,0.0,70.0,130.0,0
Tempura Broccoli,2.0,4.5,7.0,0.9,70.0,120.0,1
Bacon,5.0,5.0,1.0,1.0,70.0,270.0,2
Bacon,6.0,4.5,1.0,1.0,70.0,240.0,2
Uncured Bacon,6.0,4.5,1.0,1.0,70.0,240.0,2
Cream of Celery,1.0,3.0,9.0,1.0,70.0,650.0,0
Canadian Bacon,11.0,2.5,1.0,1.0,70.0,430.0,2
Toast,2.0,1.0,14.0,1.0,70.0,140.0,1
Melba Toast,2.0,0.0,14.0,1.0,70.0,100.0,1
Yogurt,2.0,0.5,13.0,10.0,70.0,30.0,0
Red Apple Slices,0.0,0.0,19.0,15.0,70.0,0.0,0
Toast,2.0,1.5,11.0,2.0,70.0,90.0,1
Wheat,2.0,1.0,13.0,2.0,70.0,140.0,1
Bread,2.0,1.0,13.0,2.0,70.0,150.0,1
Toast,2.0,1.0,13.0,2.0,70.0,140.0,1
Wheat Toast,2.0,1.0,13.0,2.0,70.0,150.0,1
Toast,3.0,1.0,13.0,2.0,70.0,125.0,1
Bread,2.0,1.0,14.0,2.0,70.0,140.0,1
Toast,2.0,1.0,14.0,2.0,70.0,0.0,1
Wheat Toast,2.0,0.5,15.0,2.0,70.0,140.0,1
Red Cabbage 'slaw,0.0,6.0,4.0,3.0,70.0,35.0,1
Red Wine Vinaigrette,0.0,5.0,6.0,4.0,70.0,230.0,2
Fried Cabbage,1.0,4.5,7.0,4.0,70.0,240.0,1
Grilled Eggplant & Zucchini,4.0,2.5,8.0,4.0,70.0,310.0,0
Chocolate,1.0,4.5,7.0,6.0,70.0,0.0,2
Chocolate,1.1,4.3,6.7,6.6,70.0,15.0,2
Chocolate Chips,0.0,4.0,9.0,8.0,70.0,0.0,2
Chocolate Chips!,0.0,4.0,9.0,8.0,70.0,0.0,2
Chocolate Chips,1.0,4.0,9.0,8.0,70.0,5.0,2
Chocolate Chips,0.0,4.0,9.0,8.0,70.0,0.0,2
Chocolate Chips!,0.0,4.0,9.0,8.0,70.0,0.0,2
Spaghetti Sauce,2.0,1.0,13.0,8.0,70.0,370.0,2
Candy,1.0,2.0,11.0,9.0,70.0,0.0,2
"Wine - Table, rose",0.2,0.0,1.4,0.0,71.0,5.0,2
Spaghetti,36.0,22.0,94.0,0.0,710.0,1340.0,1
Eggs,8.0,5.0,0.0,0.0,72.0,65.0,1
"Wine - Table, red",0.2,0.0,1.7,0.0,72.0,5.0,2
"Soup, cream of celery, canned, condensed",1.32,4.46,7.03,1.35,72.0,516.0,0
Apple With Skin,0.3,0.2,14.0,10.0,72.0,1.0,0
Apple We,0.3,0.2,19.0,14.0,72.0,1.0,1
Pink Lady Apple,0.36,0.23,19.06,14.34,72.0,1.0,0
Bacon Clubhouse,39.0,40.0,51.0,14.0,720.0,1470.0,2
French Toast,21.0,30.0,92.0,29.0,720.0,930.0,1
Original French Toast,21.0,30.0,92.0,29.0,720.0,930.0,1
Spaghetti W/ground Turkey,41.0,16.0,105.0,4.0,728.0,580.0,1
Tempura Carrots,1.1,4.1,8.6,1.18,73.0,26.0,0
Pepperoni Pizza,35.0,37.0,61.0,0.0,730.0,2200.0,2
2 Boiled Eggs,6.25,6.01,0.0,0.0,75.0,63.0,1
Pancakes,1.5,1.2,14.3,6.3,75.0,0.14,1
White Toast,2.3,1.0,14.0,1.04,76.0,153.0,1
Strawberry Banana Pancakes,19.0,17.0,137.0,41.0,760.0,2070.0,1
Hard Boiled - Large,6.29,5.3,0.56,0.56,78.0,62.0,1
Grilled Zucchini,0.8,6.6,5.0,3.41,78.0,91.0,0
Scotch Pancakes,1.8,1.3,14.6,5.8,78.0,0.3,1
"Lima beans - Large, canned",4.93,0.17,14.91,0.0,79.0,336.0,1
Strawberry Yogurt,4.5,0.1,13.4,12.8,79.0,0.07,0
Plain Wholemeal Toast,4.09,0.6,14.25,1.4,79.1,127.5,1
"Pepperoni Pizza - 8""",38.0,32.0,96.0,8.0,790.0,1350.0,2
"Celery, Raw",0.35,0.1,1.5,0.9,8.0,40.0,0
Bacon,4.0,7.0,0.0,0.0,80.0,260.0,2
Fried,5.0,7.0,0.0,0.0,80.0,0.0,2
Bacon,5.0,7.0,0.0,0.0,80.0,310.0,2
Bacon,5.0,7.0,0.0,0.0,80.0,320.0,2
Bacon,4.0,7.0,0.0,0.0,80.0,260.0,2
Bacon,5.0,7.0,0.0,0.0,80.0,320.0,2
Bacon,5.0,7.0,0.0,0.0,80.0,320.0,2
Hickory Smoked,4.0,7.0,0.0,0.0,80.0,260.0,2
Sliced Bacon,5.0,7.0,0.0,0.0,80.0,310.0,2
Bacon,4.0,7.0,1.0,0.0,80.0,260.0,2
Cheese,5.0,6.0,0.0,0.0,80.0,130.0,0
Cheese,6.0,6.0,0.0,0.0,80.0,140.0,0
Bacon,6.0,6.0,0.0,0.0,80.0,270.0,2
Bacon,6.0,6.0,0.0,0.0,80.0,350.0,2
Bacon,6.0,6.0,0.0,0.0,80.0,0.0,2
Bacon,6.0,6.0,0.0,0.0,80.0,350.0,2
Bacon,6.0,6.0,0.0,0.0,80.0,270.0,2
Bacon,6.0,6.0,0.0,0.0,80.0,270.0,2
Bacon,6.0,6.0,0.0,0.0,80.0,350.0,2
Munster Cheese,5.0,6.0,1.0,0.0,80.0,140.0,0
Mozzarella Cheese,7.0,6.0,1.0,0.0,80.0,170.0,0
Pepper Jack Cheese,4.0,6.0,1.0,0.0,80.0,140.0,0
Cheese Stick,6.0,6.0,1.0,0.0,80.0,200.0,0
Cheese Stick,6.0,6.0,1.0,0.0,80.0,200.0,0
Cheese Heads,6.0,6.0,1.0,0.0,80.0,200.0,0
Cheese,7.0,6.0,1.0,0.0,80.0,200.0,0
Cheese Head String Cheese,6.0,6.0,1.0,0.0,80.0,200.0,0
Cheese,5.0,6.0,1.0,0.0,80.0,140.0,0
Mozzarella String Cheese,7.0,6.0,1.0,0.0,80.0,190.0,0
Egg,7.0,6.0,1.0,0.0,80.0,75.0,1
Beer Cheese,0.0,6.0,4.0,0.0,80.0,168.0,2
Eggs,7.0,5.0,0.0,0.0,80.0,80.0,1
Mozerella,8.0,5.0,1.0,0.0,80.0,170.0,0
Turkey Pepperoni,9.0,4.5,0.0,0.0,80.0,530.0,2
Bridgford,9.0,4.0,1.0,0.0,80.0,680.0,2
Bread,0.0,2.0,15.0,0.0,80.0,0.0,1
Two Large Eggs,12.0,10.0,1.0,0.0,80.0,70.0,1
Ezekiel Bread,4.0,0.5,14.0,0.0,80.0,80.0,1
Ezekiel Bread,4.0,0.5,15.0,0.0,80.0,75.0,1
"Cabbage, Steamed (1/2 Small Head)",4.4,0.2,19.0,0.0,80.0,28.0,1
Yogurt,5.0,0.0,14.0,0.0,80.0,0.0,0
Yogurt,5.0,0.0,15.0,0.0,80.0,75.0,0
Bacon,5.0,7.0,0.0,1.0,80.0,320.0,2
Uncured Pepperoni,4.0,7.0,1.0,1.0,80.0,260.0,2
Cheese Stick,7.0,6.0,1.0,1.0,80.0,200.0,0
Homemade Grilled Cabbage With Butter,3.0,4.0,2.0,1.0,80.0,720.0,1
Bread,2.0,3.5,10.0,1.0,80.0,170.0,1
Canadian Bacon,12.0,2.5,1.0,1.0,80.0,700.0,2
Bread,2.0,1.5,15.0,1.0,80.0,90.0,1
Bread,3.0,1.0,14.0,1.0,80.0,160.0,1
Bread,3.0,1.0,15.0,1.0,80.0,150.0,1
Toast,2.0,1.0,15.0,1.0,80.0,150.0,1
Rye Toast,3.0,1.0,15.0,1.0,80.0,170.0,1
"Melba Toast, Original",2.0,1.0,16.0,1.0,80.0,150.0,1
Charro Beans,5.0,0.5,15.0,1.0,80.0,470.0,1
"Bread, Ezekiel 7 Grain",4.0,0.5,15.0,1.0,80.0,75.0,1
Pink Beans,5.0,0.5,16.0,1.0,80.0,380.0,1
Cracker Barrel,1.0,1.0,16.0,10.0,80.0,135.0,0
Blueberry Yogurt,5.0,0.0,15.0,11.0,80.0,75.0,0
Yogurt Bar,6.0,0.0,15.0,12.0,80.0,50.0,0
Yogurt,4.0,0.0,16.0,13.0,80.0,65.0,0
German Red Cabbage,2.0,0.0,17.0,14.0,80.0,660.0,1
Apple Slices,1.0,0.0,20.0,14.0,80.0,0.0,1
Apple,0.0,0.0,21.0,15.0,80.0,0.0,0
Apple,0.0,0.2,22.0,16.0,80.0,0.0,1
Apple,0.0,0.0,21.0,16.0,80.0,0.0,0
Med Apple,0.0,0.0,22.0,16.0,80.0,0.0,0
Medium Apple,0.0,0.0,22.0,16.0,80.0,0.0,0
Granny Smith Apple,0.0,0.0,22.0,16.0,80.0,0.0,0
Apple,0.0,0.0,22.0,16.0,80.0,0.0,0
Apple,0.0,0.0,22.0,16.0,80.0,0.0,0
Apple,0.0,0.0,22.0,16.0,80.0,0.0,0
Apple,0.0,0.0,22.0,16.0,80.0,0.0,0
Apple,0.0,0.0,22.0,16.0,80.0,0.0,0
Fuji Apple,0.0,0.0,22.0,16.0,80.0,0.0,0
Gala Apple,0.0,0.0,22.0,16.0,80.0,0.0,0
Apple,0.0,0.0,22.0,16.0,80.0,0.0,0
Apple (Red),0.0,0.0,22.0,16.0,80.0,0.0,0
Gala Apple Organic,0.0,0.0,22.0,16.0,80.0,0.0,0
Apple Country,0.0,0.0,22.0,16.0,80.0,0.0,1
Apple,0.0,0.0,30.0,16.0,80.0,0.0,0
Apple,0.0,0.0,22.0,17.0,80.0,0.0,0
Granny Smith Apple,0.0,0.0,22.0,17.0,80.0,0.0,0
Apple,0.0,0.0,22.0,17.0,80.0,0.0,0
Apple,0.0,0.0,22.0,17.0,80.0,0.0,0
Apple,0.0,0.0,22.0,17.0,80.0,0.0,0
Green (Medium Apple),0.0,0.0,22.0,17.0,80.0,0.0,0
Apple,0.0,0.0,22.0,17.0,80.0,0.0,0
Apple,0.0,0.0,22.0,17.0,80.0,0.0,0
Braeburn Apple - 1 Medium,0.0,0.0,22.0,17.0,80.0,0.0,1
Medium Honey Crisp Apple,0.0,0.0,22.0,17.0,80.0,0.0,1
Honeycrisp Apple,0.0,0.0,22.0,17.0,80.0,0.0,1
Apple Juice,0.2,0.0,21.0,19.0,80.0,15.0,0
Bread,3.0,1.5,14.0,2.0,80.0,140.0,1
Bread,2.0,1.5,15.0,2.0,80.0,150.0,1
Bread Slice,3.0,1.0,15.0,2.0,80.0,160.0,1
Bread,2.0,1.0,16.0,2.0,80.0,130.0,1
Hot Chocolate,15.0,0.5,4.0,2.0,80.0,210.0,2
Cinnamon Rice Cake,1.0,0.5,19.0,3.0,80.0,0.0,1
Bread,4.0,1.0,15.0,4.0,80.0,110.0,1
Yogurt,15.0,0.0,5.0,4.0,80.0,60.0,0
Chocolate,1.0,6.0,5.0,5.0,80.0,0.0,2
Cabbage Salsa,2.0,3.0,8.0,5.0,80.0,26.0,1
Bread,2.0,1.5,15.0,5.0,80.0,100.0,1
Raisin Cinnamon,2.0,1.5,15.0,5.0,80.0,0.0,1
Cottage Cheese,12.0,1.5,6.0,5.0,80.0,480.0,0
Bread,4.0,0.5,15.0,5.0,80.0,65.0,1
Bread,4.0,0.5,15.0,5.0,80.0,75.0,1
Ezekiel Toast,4.0,0.5,15.0,5.0,80.0,75.0,1
Pandan Cake,2.0,3.0,11.0,6.0,80.0,40.0,1
Strawberry Yogurt,5.0,0.0,14.0,6.0,80.0,80.0,0
Plain Yogurt,15.0,0.0,6.0,6.0,80.0,50.0,0
Vanilla,12.0,0.0,9.0,7.0,80.0,50.0,2
Yogurt,12.0,0.0,9.0,7.0,80.0,0.0,2
Dipping Chocolate - Milk Chocolate,1.0,5.0,9.0,8.0,80.0,10.0,2
Chocolate Chips,1.0,4.0,10.0,8.0,80.0,0.0,2
Chocolate Chips,1.0,4.0,10.0,8.0,80.0,0.0,2
Spaghetti Sauce,2.0,3.0,13.0,8.0,80.0,540.0,2
Spaghetti Sauce,2.0,2.5,13.0,8.0,80.0,480.0,2
Yogurt,6.0,0.0,15.0,8.0,80.0,85.0,2
Red Velvet Pancakes,19.0,18.0,141.0,61.0,800.0,2120.0,1
Pancakes,18.0,2.0,190.0,8.0,800.0,0.0,2
White Wine,1.0,0.0,2.0,0.0,81.0,0.0,2
Dry White Table Wine (J),0.07,0.0,2.6,0.96,82.0,5.0,2
White Wine (Usda),0.1,0.0,2.6,1.0,82.0,5.0,2
"Beans - Kidney, canned",5.22,0.6,14.5,1.85,82.0,296.0,1
Saute Cabbage,2.1,6.5,4.1,3.8,82.22,225.0,1
Eggs,6.0,6.2,0.0,0.0,83.0,0.0,1
Rye Toast,3.1,0.4,17.8,1.09,83.0,191.0,1
Milk - Chocolate,3.17,3.39,10.34,9.54,83.0,60.0,2
Garlic Toast,2.3595,3.1444,11.3337,0.5141,83.2788,161.478,1
Sangiovese Wine *correct*,0.0,0.0,0.0,0.0,84.0,0.0,2
Apple Small Green Apple,0.0,0.0,22.0,17.0,84.0,1.0,0
"Roasted Broccoli, Parmesan",5.5236,4.7506,6.7019,1.7032,84.593,208.509,1
Coffee,0.0,2.4,14.0,0.0,85.0,11.0,2
Waffles,0.9,4.4,9.1,0.2,85.0,0.1,1
Coffee,1.0,2.4,14.0,10.0,85.0,11.0,2
Small Glass of Wine,0.1,0.0,3.1,0.0,85.086,0.0,2
Bread,3.0,0.7,17.0,0.0,86.0,0.2,1
"Beans - Pinto, canned",4.86,0.81,15.25,0.22,86.0,294.0,1
Fried Eggs,5.5,6.7,0.5,0.23,86.0,123.0,1
Fried Zucchini,12.0,65.0,58.0,7.0,860.0,630.0,2
Bread,3.48,0.6,17.2,1.0,87.0,0.18,1
Sparkling Wine,0.07,0.0,2.8,2.8,87.0,0.0,2
Eggs,7.3,6.5,0.0,0.0,88.0,0.08,1
waffles,1.0,4.5,10.4,0.3,88.0,0.2,1
Potato Waffles.,1.0,4.5,10.4,0.3,88.0,80.0,1
Wholemeal Toast,4.0,0.7,15.1,1.6,88.0,0.14,1
- Steamed,0.0,0.0,3.0,2.0,88.0,19.0,0
Ginger Beer,0.0,0.0,20.0,20.0,88.0,2.0,2
Pancakes,1.7,2.5,14.4,5.8,88.0,0.14,1
Roasted Carrots,1.0,5.5,10.3,5.1,89.0,425.0,0
Fresh Green Beans,0.5,0.0,2.0,0.41,9.0,2.0,1
celery,0.5,0.2,0.9,0.9,9.0,0.2,0
Maple Bacon,5.0,7.0,0.0,0.0,90.0,270.0,2
Bacon,5.0,7.0,0.0,0.0,90.0,270.0,2
Bacon,6.0,7.0,0.0,0.0,90.0,300.0,2
Bacon,6.0,7.0,0.0,0.0,90.0,390.0,2
Bacon,5.0,7.0,0.0,0.0,90.0,0.0,2
Bacon,6.0,7.0,0.0,0.0,90.0,300.0,2
Bacon,5.0,7.0,0.0,0.0,90.0,270.0,2
Bacon,5.0,7.0,0.0,0.0,90.0,240.0,2
Bacon,6.0,7.0,0.0,0.0,90.0,400.0,2
Bacon,6.0,7.0,0.0,0.0,90.0,400.0,2
Hickory Smoked Bacon,5.0,7.0,0.0,0.0,90.0,270.0,2
Jumbo Eggs,8.0,6.0,0.0,0.0,90.0,80.0,1
Bacon,10.0,6.0,0.0,0.0,90.0,300.0,2
"Cheese - Italian 5 Cheese, Shredded",7.0,6.0,1.0,0.0,90.0,220.0,0
Italian,7.0,6.0,1.0,0.0,90.0,0.0,0
Eggs,8.0,6.0,1.0,0.0,90.0,80.0,1
Eggs,8.0,6.0,1.0,0.0,90.0,90.0,1
Vegan Cheese,1.0,6.0,7.0,0.0,90.0,250.0,0
Cheese,1.0,6.0,7.0,0.0,90.0,280.0,0
Wine,0.0,3.0,4.0,0.0,90.0,0.0,2
Cherry Yogurt,5.0,0.0,16.0,0.0,90.0,0.0,0
Refried Beans,5.0,0.0,16.0,0.0,90.0,0.0,1
Bacon,5.0,7.0,1.0,1.0,90.0,270.0,2
Garlic Toast,2.0,3.0,14.0,1.0,90.0,200.0,1
Bread,4.0,2.0,15.0,1.0,90.0,190.0,1
Bread,3.0,1.0,17.0,1.0,90.0,230.0,1
Butter Beans,5.0,0.0,19.0,1.0,90.0,470.0,1
Small White Beans,6.0,0.0,19.0,1.0,90.0,360.0,1
Red Beans,6.0,0.0,19.0,1.0,90.0,400.0,1
Skinny Coffee,5.0,2.5,12.0,10.0,90.0,75.0,2
Yogurt,5.0,1.5,16.0,10.0,90.0,80.0,0
Blueberry,5.0,0.0,16.0,10.0,90.0,80.0,0
Yogurt,5.0,0.0,16.0,10.0,90.0,80.0,0
Blueberry Yogurt,5.0,0.0,16.0,10.0,90.0,80.0,0
Raspberry,5.0,0.0,16.0,10.0,90.0,80.0,0
Honey Glazed Carrots,1.0,3.0,15.0,11.0,90.0,190.0,0
Yogurt,6.0,0.0,16.0,11.0,90.0,90.0,0
Cherry Yogurt,8.0,0.0,14.0,12.0,90.0,35.0,0
Yogurt,6.0,0.0,15.0,12.0,90.0,70.0,0
Yogurt,6.0,0.0,16.0,12.0,90.0,90.0,0
Non Fat Yogurt,5.0,0.0,18.0,12.0,90.0,85.0,0
Ginger Beer,1.0,0.0,24.0,17.0,90.0,0.0,2
100 % Apple Juice,0.0,0.0,21.0,18.0,90.0,5.0,0
Chocolate Syrup,1.0,0.0,22.0,18.0,90.0,45.0,2
Red Wine Vinaigrette,0.0,9.0,2.0,2.0,90.0,350.0,2
Bread,3.0,1.0,17.0,2.0,90.0,180.0,1
Honey Wheat Bread,4.0,1.0,17.0,2.0,90.0,170.0,1
Apple Juice Box,0.0,0.0,22.0,20.0,90.0,15.0,1
Broccoli/ Cheese,3.0,5.0,8.0,3.0,90.0,490.0,1
Bread,3.0,1.0,18.0,3.0,90.0,160.0,1
Toast,4.0,1.0,18.0,3.0,90.0,135.0,1
Wheat Toast,4.0,1.0,18.0,3.0,90.0,135.0,1
Pancakes - Chocolate Chip,11.0,0.5,15.0,3.0,90.0,230.0,1
Pancakes,5.0,5.9,16.3,3.4,90.0,161.0,1
Roasted,2.0,4.7,18.0,3.8,90.0,45.0,0
Chocolate,3.0,2.5,15.0,4.0,90.0,30.0,2
Cottage Cheese,14.0,1.0,5.0,4.0,90.0,440.0,0
Carrots,1.0,6.0,9.0,5.0,90.0,240.0,0
Bread,3.0,2.5,16.0,5.0,90.0,85.0,1
Cake,1.0,4.5,12.0,6.0,90.0,90.0,1
Chocolate,1.0,5.0,10.0,8.0,90.0,15.0,2
Cinnamon Cake,0.0,3.0,18.0,8.0,90.0,0.0,2
Chocolate,9.0,1.0,13.0,9.0,90.0,100.0,2
Yogurt,5.0,0.0,16.0,10.0,91.0,80.0,0
Blush Wine,0.0,0.0,7.0,5.0,91.0,7.0,2
Green Beans Almondine,2.6224,6.5311,7.3726,1.3922,91.7018,36.6807,1
Wholegrain Brown Bread,3.72,0.84,16.48,0.92,92.0,0.17,1
Charro Beans,4.452,0.674,17.363,0.826,92.438,325.778,1
Creamy Broccoli Salad,1.7537,4.8934,10.6714,7.4894,92.9617,206.946,2
Creamy Broccoli Salad,1.7537,4.8934,10.6714,7.4894,92.9617,206.946,2
Wine,0.0,0.0,3.75,0.0,93.0,0.0,2
6 Waffles,1.2,5.2,10.4,6.5,93.0,0.0,1
Pepperoni Pizza,35.0,46.0,99.0,5.0,938.0,2129.0,2
Cabbage Nu Shaak,1.6,5.0,5.0,0.6,94.0,150.0,1
Tofu yogurt,3.5,1.8,15.96,1.24,94.0,35.0,0
Toast,4.0,0.9,16.5,1.4,94.0,0.16,1
Chocolate,1.4,5.4,10.3,0.0,95.0,0.0,2
Light Premium Beer,0.6,0.0,2.6,0.0,95.0,0.0,2
Beer,0.5,0.0,3.2,0.0,95.0,0.0,2
Amstel Light Beer,1.0,0.0,5.0,0.0,95.0,0.0,2
Apple,0.5,0.3,25.0,19.0,95.0,2.0,0
Apple,0.5,0.3,25.0,19.0,95.0,2.0,0
Apple,0.0,0.3,25.0,19.0,95.0,2.0,0
Apple,0.5,0.3,25.0,19.0,95.0,2.0,0
Apple,0.5,0.3,25.0,19.0,95.0,2.0,0
Apple,0.5,0.3,25.0,19.0,95.0,2.0,0
Medium Apple,0.5,0.3,25.0,19.0,95.0,2.0,0
Apple,0.5,0.3,25.0,19.0,95.0,2.0,0
Medium Apple,0.5,0.3,25.0,19.0,95.0,2.0,1
Apple,0.0,0.0,25.0,19.0,95.0,0.0,0
Toast,3.0,1.0,17.0,1.0,96.0,0.0,1
Grilled Cabbage,1.8,8.0,6.6,0.0,98.0,100.0,1
Zucchini Fries,8.9,5.4,4.5,0.0,98.0,1293.0,0
Brown Bread,1.2,2.7,16.2,0.7,98.0,0.1,1
Wholemeal Toast,4.1,1.0,16.0,1.5,98.0,0.0,1
Reunite-lambrusco Soft Red Wine (Corrected),0.0,0.0,3.0,2.0,98.0,0.0,2
Penguin Cake Bar,1.1,5.3,11.7,8.6,98.0,0.1,2
Beer,1.0,0.0,5.0,0.0,99.0,17.0,2
Zucchini Chips,6.0,3.0,12.0,2.0,99.0,241.0,1
"Cooked, With Salt",2.0,1.5,7.0,3.0,99.0,244.0,1
